car_ID,symboling,fueltype,aspiration,doornumber,carbody,drivewheel,enginelocation,wheelbase,carlength,carwidth,carheight,curbweight,enginetype,cylindernumber,enginesize,fuelsystem,boreratio,stroke,compressionratio,horsepower,peakrpm,citympg,highwaympg,price,Split( )(CarName)_0,"ExtractWord([alfa, audi, bmw, buick, chevrolet, dodge, honda, isuzu, jaguar, mazda, mitsubishi, nissan, peugeot, plymouth, porsche, saab, subaru, toyota, volkswagen, volvo])(CarName)_0","ExtractWord([dohc, l, ohc, ohcf, ohcv, rotor])(enginetype)_0","ExtractWord([bbl, idi, mpfi, spdi])(fuelsystem)_0",OneHot()(symboling)_-2,OneHot()(symboling)_-1,OneHot()(symboling)_0,OneHot()(symboling)_1,OneHot()(symboling)_2,OneHot()(symboling)_3,OneHot()(carbody)_convertible,OneHot()(carbody)_hardtop,OneHot()(carbody)_hatchback,OneHot()(carbody)_sedan,OneHot()(carbody)_wagon,OneHot()(drivewheel)_4wd,OneHot()(drivewheel)_fwd,OneHot()(drivewheel)_rwd,OneHot()(enginetype)_dohc,OneHot()(enginetype)_l,OneHot()(enginetype)_ohc,OneHot()(enginetype)_ohcf,OneHot()(enginetype)_ohcv,OneHot()(enginetype)_rotor,OneHot()(cylindernumber)_five,OneHot()(cylindernumber)_four,OneHot()(cylindernumber)_six,OneHot()(fuelsystem)_1bbl,OneHot()(fuelsystem)_2bbl,OneHot()(fuelsystem)_idi,OneHot()(fuelsystem)_mpfi,OneHot()(fuelsystem)_spdi,WordToNumber()(doornumber)_doornumber,WordToNumber()(cylindernumber)_cylindernumber,"ExtractWord([D, accord, century, civic, corolla, corona, dasher, dl, e, fury, g, glc, mark, mirage, outlander, r, rabbit, rx, x])(Split( )(CarName)_1)_0","OneHot()(ExtractWord([dohc, l, ohc, ohcf, ohcv, rotor])(enginetype)_0)_ohc","OneHot()(ExtractWord([bbl, idi, mpfi, spdi])(fuelsystem)_0)_bbl",OneHot()(WordToNumber()(cylindernumber)_cylindernumber)_8,"ModeImputation()(ExtractWord([alfa, audi, bmw, buick, chevrolet, dodge, honda, isuzu, jaguar, mazda, mitsubishi, nissan, peugeot, plymouth, porsche, saab, subaru, toyota, volkswagen, volvo])(CarName)_0)_ExtractWord([alfa, audi, bmw, buick, chevrolet, dodge, honda, isuzu, jaguar, mazda, mitsubishi, nissan, peugeot, plymouth, porsche, saab, subaru, toyota, volkswagen, volvo])(CarName)_0","ExtractWord([D, accord, century, civic, corolla, corona, dasher, dl, e, fury, g, glc, mark, mirage, outlander, rabbit, rx, x])(Split(-)(Split( )(CarName)_1)_0)_0","ExtractWord([D, accord, century, civic, corolla, corona, dasher, dl, e, fury, g, glc, mark, mirage, outlander, rabbit, rx, x])(Split( )(Split(-)(CarName)_0)_1)_0","ExtractWord([accord, century, civic, corolla, corona, d, dasher, dl, e, fury, g, glc, mark, mirage, outlander, r, rabbit, rx, x])(Split( )(Lowercase()(CarName)_CarName)_1)_0","OneHot()(ExtractWord([D, accord, century, civic, corolla, corona, dasher, dl, e, fury, g, glc, mark, mirage, outlander, r, rabbit, rx, x])(Split( )(CarName)_1)_0)_D","OneHot()(ExtractWord([D, accord, century, civic, corolla, corona, dasher, dl, e, fury, g, glc, mark, mirage, outlander, r, rabbit, rx, x])(Split( )(CarName)_1)_0)_accord","OneHot()(ExtractWord([D, accord, century, civic, corolla, corona, dasher, dl, e, fury, g, glc, mark, mirage, outlander, r, rabbit, rx, x])(Split( )(CarName)_1)_0)_century","OneHot()(ExtractWord([D, accord, century, civic, corolla, corona, dasher, dl, e, fury, g, glc, mark, mirage, outlander, r, rabbit, rx, x])(Split( )(CarName)_1)_0)_civic","OneHot()(ExtractWord([D, accord, century, civic, corolla, corona, dasher, dl, e, fury, g, glc, mark, mirage, outlander, r, rabbit, rx, x])(Split( )(CarName)_1)_0)_corolla","OneHot()(ExtractWord([D, accord, century, civic, corolla, corona, dasher, dl, e, fury, g, glc, mark, mirage, outlander, r, rabbit, rx, x])(Split( )(CarName)_1)_0)_corona","OneHot()(ExtractWord([D, accord, century, civic, corolla, corona, dasher, dl, e, fury, g, glc, mark, mirage, outlander, r, rabbit, rx, x])(Split( )(CarName)_1)_0)_dasher","OneHot()(ExtractWord([D, accord, century, civic, corolla, corona, dasher, dl, e, fury, g, glc, mark, mirage, outlander, r, rabbit, rx, x])(Split( )(CarName)_1)_0)_dl","OneHot()(ExtractWord([D, accord, century, civic, corolla, corona, dasher, dl, e, fury, g, glc, mark, mirage, outlander, r, rabbit, rx, x])(Split( )(CarName)_1)_0)_e","OneHot()(ExtractWord([D, accord, century, civic, corolla, corona, dasher, dl, e, fury, g, glc, mark, mirage, outlander, r, rabbit, rx, x])(Split( )(CarName)_1)_0)_fury","OneHot()(ExtractWord([D, accord, century, civic, corolla, corona, dasher, dl, e, fury, g, glc, mark, mirage, outlander, r, rabbit, rx, x])(Split( )(CarName)_1)_0)_g","OneHot()(ExtractWord([D, accord, century, civic, corolla, corona, dasher, dl, e, fury, g, glc, mark, mirage, outlander, r, rabbit, rx, x])(Split( )(CarName)_1)_0)_mark","OneHot()(ExtractWord([D, accord, century, civic, corolla, corona, dasher, dl, e, fury, g, glc, mark, mirage, outlander, r, rabbit, rx, x])(Split( )(CarName)_1)_0)_mirage","OneHot()(ExtractWord([D, accord, century, civic, corolla, corona, dasher, dl, e, fury, g, glc, mark, mirage, outlander, r, rabbit, rx, x])(Split( )(CarName)_1)_0)_outlander","OneHot()(ExtractWord([D, accord, century, civic, corolla, corona, dasher, dl, e, fury, g, glc, mark, mirage, outlander, r, rabbit, rx, x])(Split( )(CarName)_1)_0)_r","OneHot()(ExtractWord([D, accord, century, civic, corolla, corona, dasher, dl, e, fury, g, glc, mark, mirage, outlander, r, rabbit, rx, x])(Split( )(CarName)_1)_0)_x","ModeImputation()(ExtractWord([D, accord, century, civic, corolla, corona, dasher, dl, e, fury, g, glc, mark, mirage, outlander, r, rabbit, rx, x])(Split( )(CarName)_1)_0)_ExtractWord([D, accord, century, civic, corolla, corona, dasher, dl, e, fury, g, glc, mark, mirage, outlander, r, rabbit, rx, x])(Split( )(CarName)_1)_0"
1,3,gas,std,two,convertible,rwd,front,88.6,168.8,64.1,48.8,2548,dohc,four,130,mpfi,3.47,2.68,9.0,111,5000,21,27,13495.0,alfa-romero,alfa,dohc,mpfi,0,0,0,0,0,1,1,0,0,0,0,0,0,1,1,0,0,0,0,0,0,1,0,0,0,0,1,0,2,4,g,0,0,0,alfa,g,nan,g,0,0,0,0,0,0,0,0,0,0,1,0,0,0,0,0,g
2,3,gas,std,two,convertible,rwd,front,88.6,168.8,64.1,48.8,2548,dohc,four,130,mpfi,3.47,2.68,9.0,111,5000,21,27,16500.0,alfa-romero,alfa,dohc,mpfi,0,0,0,0,0,1,1,0,0,0,0,0,0,1,1,0,0,0,0,0,0,1,0,0,0,0,1,0,2,4,e,0,0,0,alfa,e,nan,e,0,0,0,0,0,0,0,0,1,0,0,0,0,0,0,0,e
3,1,gas,std,two,hatchback,rwd,front,94.5,171.2,65.5,52.4,2823,ohcv,six,152,mpfi,2.68,3.47,9.0,154,5000,19,26,16500.0,alfa-romero,alfa,ohc,mpfi,0,0,0,1,0,0,0,0,1,0,0,0,0,1,0,0,0,0,1,0,0,0,1,0,0,0,1,0,2,6,r,1,0,0,alfa,g,nan,d,0,0,0,0,0,0,0,0,0,0,0,0,0,0,1,0,r
4,2,gas,std,four,sedan,fwd,front,99.8,176.6,66.2,54.3,2337,ohc,four,109,mpfi,3.19,3.4,10.0,102,5500,24,30,13950.0,audi,audi,ohc,mpfi,0,0,0,0,1,0,0,0,0,1,0,0,1,0,0,0,1,0,0,0,0,1,0,0,0,0,1,0,4,4,nan,1,0,0,audi,nan,nan,nan,0,0,0,0,0,0,0,0,0,0,0,0,0,0,0,0,e
5,2,gas,std,four,sedan,4wd,front,99.4,176.6,66.4,54.3,2824,ohc,five,136,mpfi,3.19,3.4,8.0,115,5500,18,22,17450.0,audi,audi,ohc,mpfi,0,0,0,0,1,0,0,0,0,1,0,1,0,0,0,0,1,0,0,0,1,0,0,0,0,0,1,0,4,5,nan,1,0,0,audi,nan,nan,nan,0,0,0,0,0,0,0,0,0,0,0,0,0,0,0,0,e
6,2,gas,std,two,sedan,fwd,front,99.8,177.3,66.3,53.1,2507,ohc,five,136,mpfi,3.19,3.4,8.5,110,5500,19,25,15250.0,audi,audi,ohc,mpfi,0,0,0,0,1,0,0,0,0,1,0,0,1,0,0,0,1,0,0,0,1,0,0,0,0,0,1,0,2,5,x,1,0,0,audi,x,x,x,0,0,0,0,0,0,0,0,0,0,0,0,0,0,0,1,x
7,1,gas,std,four,sedan,fwd,front,105.8,192.7,71.4,55.7,2844,ohc,five,136,mpfi,3.19,3.4,8.5,110,5500,19,25,17710.0,audi,audi,ohc,mpfi,0,0,0,1,0,0,0,0,0,1,0,0,1,0,0,0,1,0,0,0,1,0,0,0,0,0,1,0,4,5,nan,1,0,0,audi,nan,nan,nan,0,0,0,0,0,0,0,0,0,0,0,0,0,0,0,0,e
8,1,gas,std,four,wagon,fwd,front,105.8,192.7,71.4,55.7,2954,ohc,five,136,mpfi,3.19,3.4,8.5,110,5500,19,25,18920.0,audi,audi,ohc,mpfi,0,0,0,1,0,0,0,0,0,0,1,0,1,0,0,0,1,0,0,0,1,0,0,0,0,0,1,0,4,5,nan,1,0,0,audi,nan,nan,nan,0,0,0,0,0,0,0,0,0,0,0,0,0,0,0,0,e
9,1,gas,turbo,four,sedan,fwd,front,105.8,192.7,71.4,55.9,3086,ohc,five,131,mpfi,3.13,3.4,8.3,140,5500,17,20,23875.0,audi,audi,ohc,mpfi,0,0,0,1,0,0,0,0,0,1,0,0,1,0,0,0,1,0,0,0,1,0,0,0,0,0,1,0,4,5,nan,1,0,0,audi,nan,nan,nan,0,0,0,0,0,0,0,0,0,0,0,0,0,0,0,0,e
10,0,gas,turbo,two,hatchback,4wd,front,99.5,178.2,67.9,52.0,3053,ohc,five,131,mpfi,3.13,3.4,7.0,160,5500,16,22,17859.167,audi,audi,ohc,mpfi,0,0,1,0,0,0,0,0,1,0,0,1,0,0,0,0,1,0,0,0,1,0,0,0,0,0,1,0,2,5,nan,1,0,0,audi,nan,nan,nan,0,0,0,0,0,0,0,0,0,0,0,0,0,0,0,0,e
11,2,gas,std,two,sedan,rwd,front,101.2,176.8,64.8,54.3,2395,ohc,four,108,mpfi,3.5,2.8,8.8,101,5800,23,29,16430.0,bmw,bmw,ohc,mpfi,0,0,0,0,1,0,0,0,0,1,0,0,0,1,0,0,1,0,0,0,0,1,0,0,0,0,1,0,2,4,nan,1,0,0,bmw,nan,nan,nan,0,0,0,0,0,0,0,0,0,0,0,0,0,0,0,0,e
12,0,gas,std,four,sedan,rwd,front,101.2,176.8,64.8,54.3,2395,ohc,four,108,mpfi,3.5,2.8,8.8,101,5800,23,29,16925.0,bmw,bmw,ohc,mpfi,0,0,1,0,0,0,0,0,0,1,0,0,0,1,0,0,1,0,0,0,0,1,0,0,0,0,1,0,4,4,nan,1,0,0,bmw,nan,nan,nan,0,0,0,0,0,0,0,0,0,0,0,0,0,0,0,0,e
13,0,gas,std,two,sedan,rwd,front,101.2,176.8,64.8,54.3,2710,ohc,six,164,mpfi,3.31,3.19,9.0,121,4250,21,28,20970.0,bmw,bmw,ohc,mpfi,0,0,1,0,0,0,0,0,0,1,0,0,0,1,0,0,1,0,0,0,0,0,1,0,0,0,1,0,2,6,x,1,0,0,bmw,x,x,x,0,0,0,0,0,0,0,0,0,0,0,0,0,0,0,1,x
14,0,gas,std,four,sedan,rwd,front,101.2,176.8,64.8,54.3,2765,ohc,six,164,mpfi,3.31,3.19,9.0,121,4250,21,28,21105.0,bmw,bmw,ohc,mpfi,0,0,1,0,0,0,0,0,0,1,0,0,0,1,0,0,1,0,0,0,0,0,1,0,0,0,1,0,4,6,x,1,0,0,bmw,x,x,x,0,0,0,0,0,0,0,0,0,0,0,0,0,0,0,1,x
15,1,gas,std,four,sedan,rwd,front,103.5,189.0,66.9,55.7,3055,ohc,six,164,mpfi,3.31,3.19,9.0,121,4250,20,25,24565.0,bmw,bmw,ohc,mpfi,0,0,0,1,0,0,0,0,0,1,0,0,0,1,0,0,1,0,0,0,0,0,1,0,0,0,1,0,4,6,nan,1,0,0,bmw,nan,nan,nan,0,0,0,0,0,0,0,0,0,0,0,0,0,0,0,0,e
16,0,gas,std,four,sedan,rwd,front,103.5,189.0,66.9,55.7,3230,ohc,six,209,mpfi,3.62,3.39,8.0,182,5400,16,22,30760.0,bmw,bmw,ohc,mpfi,0,0,1,0,0,0,0,0,0,1,0,0,0,1,0,0,1,0,0,0,0,0,1,0,0,0,1,0,4,6,x,1,0,0,bmw,x,x,x,0,0,0,0,0,0,0,0,0,0,0,0,0,0,0,1,x
17,0,gas,std,two,sedan,rwd,front,103.5,193.8,67.9,53.7,3380,ohc,six,209,mpfi,3.62,3.39,8.0,182,5400,16,22,41315.0,bmw,bmw,ohc,mpfi,0,0,1,0,0,0,0,0,0,1,0,0,0,1,0,0,1,0,0,0,0,0,1,0,0,0,1,0,2,6,x,1,0,0,bmw,x,x,x,0,0,0,0,0,0,0,0,0,0,0,0,0,0,0,1,x
18,0,gas,std,four,sedan,rwd,front,110.0,197.0,70.9,56.3,3505,ohc,six,209,mpfi,3.62,3.39,8.0,182,5400,15,20,36880.0,bmw,bmw,ohc,mpfi,0,0,1,0,0,0,0,0,0,1,0,0,0,1,0,0,1,0,0,0,0,0,1,0,0,0,1,0,4,6,x,1,0,0,bmw,x,x,x,0,0,0,0,0,0,0,0,0,0,0,0,0,0,0,1,x
19,2,gas,std,two,hatchback,fwd,front,88.4,141.1,60.3,53.2,1488,l,three,61,2bbl,2.91,3.03,9.5,48,5100,47,53,5151.0,chevrolet,chevrolet,l,bbl,0,0,0,0,1,0,0,0,1,0,0,0,1,0,0,1,0,0,0,0,0,0,0,0,1,0,0,0,2,3,nan,0,1,0,chevrolet,nan,nan,nan,0,0,0,0,0,0,0,0,0,0,0,0,0,0,0,0,e
20,1,gas,std,two,hatchback,fwd,front,94.5,155.9,63.6,52.0,1874,ohc,four,90,2bbl,3.03,3.11,9.6,70,5400,38,43,6295.0,chevrolet,chevrolet,ohc,bbl,0,0,0,1,0,0,0,0,1,0,0,0,1,0,0,0,1,0,0,0,0,1,0,0,1,0,0,0,2,4,e,1,1,0,chevrolet,e,e,e,0,0,0,0,0,0,0,0,1,0,0,0,0,0,0,0,e
21,0,gas,std,four,sedan,fwd,front,94.5,158.8,63.6,52.0,1909,ohc,four,90,2bbl,3.03,3.11,9.6,70,5400,38,43,6575.0,chevrolet,chevrolet,ohc,bbl,0,0,1,0,0,0,0,0,0,1,0,0,1,0,0,0,1,0,0,0,0,1,0,0,1,0,0,0,4,4,e,1,1,0,chevrolet,e,e,e,0,0,0,0,0,0,0,0,1,0,0,0,0,0,0,0,e
22,1,gas,std,two,hatchback,fwd,front,93.7,157.3,63.8,50.8,1876,ohc,four,90,2bbl,2.97,3.23,9.41,68,5500,37,41,5572.0,dodge,dodge,ohc,bbl,0,0,0,1,0,0,0,0,1,0,0,0,1,0,0,0,1,0,0,0,0,1,0,0,1,0,0,0,2,4,r,1,1,0,dodge,g,g,r,0,0,0,0,0,0,0,0,0,0,0,0,0,0,1,0,r
23,1,gas,std,two,hatchback,fwd,front,93.7,157.3,63.8,50.8,1876,ohc,four,90,2bbl,2.97,3.23,9.4,68,5500,31,38,6377.0,dodge,dodge,ohc,bbl,0,0,0,1,0,0,0,0,1,0,0,0,1,0,0,0,1,0,0,0,0,1,0,0,1,0,0,0,2,4,e,1,1,0,dodge,e,e,e,0,0,0,0,0,0,0,0,1,0,0,0,0,0,0,0,e
24,1,gas,turbo,two,hatchback,fwd,front,93.7,157.3,63.8,50.8,2128,ohc,four,98,mpfi,3.03,3.39,7.6,102,5500,24,30,7957.0,dodge,dodge,ohc,mpfi,0,0,0,1,0,0,0,0,1,0,0,0,1,0,0,0,1,0,0,0,0,1,0,0,0,0,1,0,2,4,nan,1,0,0,dodge,nan,nan,d,0,0,0,0,0,0,0,0,0,0,0,0,0,0,0,0,e
25,1,gas,std,four,hatchback,fwd,front,93.7,157.3,63.8,50.6,1967,ohc,four,90,2bbl,2.97,3.23,9.4,68,5500,31,38,6229.0,dodge,dodge,ohc,bbl,0,0,0,1,0,0,0,0,1,0,0,0,1,0,0,0,1,0,0,0,0,1,0,0,1,0,0,0,4,4,nan,1,1,0,dodge,nan,nan,nan,0,0,0,0,0,0,0,0,0,0,0,0,0,0,0,0,e
26,1,gas,std,four,sedan,fwd,front,93.7,157.3,63.8,50.6,1989,ohc,four,90,2bbl,2.97,3.23,9.4,68,5500,31,38,6692.0,dodge,dodge,ohc,bbl,0,0,0,1,0,0,0,0,0,1,0,0,1,0,0,0,1,0,0,0,0,1,0,0,1,0,0,0,4,4,nan,1,1,0,dodge,nan,nan,nan,0,0,0,0,0,0,0,0,0,0,0,0,0,0,0,0,e
27,1,gas,std,four,sedan,fwd,front,93.7,157.3,63.8,50.6,1989,ohc,four,90,2bbl,2.97,3.23,9.4,68,5500,31,38,7609.0,dodge,dodge,ohc,bbl,0,0,0,1,0,0,0,0,0,1,0,0,1,0,0,0,1,0,0,0,0,1,0,0,1,0,0,0,4,4,nan,1,1,0,dodge,nan,nan,nan,0,0,0,0,0,0,0,0,0,0,0,0,0,0,0,0,e
28,1,gas,turbo,two,sedan,fwd,front,93.7,157.3,63.8,50.6,2191,ohc,four,98,mpfi,3.03,3.39,7.6,102,5500,24,30,8558.0,dodge,dodge,ohc,mpfi,0,0,0,1,0,0,0,0,0,1,0,0,1,0,0,0,1,0,0,0,0,1,0,0,0,0,1,0,2,4,r,1,0,0,dodge,e,e,r,0,0,0,0,0,0,0,0,0,0,0,0,0,0,1,0,r
29,-1,gas,std,four,wagon,fwd,front,103.3,174.6,64.6,59.8,2535,ohc,four,122,2bbl,3.34,3.46,8.5,88,5000,24,30,8921.0,dodge,dodge,ohc,bbl,0,1,0,0,0,0,0,0,0,0,1,0,1,0,0,0,1,0,0,0,0,1,0,0,1,0,0,0,4,4,r,1,1,0,dodge,nan,nan,d,0,0,0,0,0,0,0,0,0,0,0,0,0,0,1,0,r
30,3,gas,turbo,two,hatchback,fwd,front,95.9,173.2,66.3,50.2,2811,ohc,four,156,mfi,3.6,3.9,7.0,145,5000,19,24,12964.0,dodge,dodge,ohc,nan,0,0,0,0,0,1,0,0,1,0,0,0,1,0,0,0,1,0,0,0,0,1,0,0,0,0,0,0,2,4,r,1,0,0,dodge,e,e,r,0,0,0,0,0,0,0,0,0,0,0,0,0,0,1,0,r
31,2,gas,std,two,hatchback,fwd,front,86.6,144.6,63.9,50.8,1713,ohc,four,92,1bbl,2.91,3.41,9.6,58,4800,49,54,6479.0,honda,honda,ohc,bbl,0,0,0,0,1,0,0,0,1,0,0,0,1,0,0,0,1,0,0,0,0,1,0,1,0,0,0,0,2,4,civic,1,1,0,honda,civic,civic,civic,0,0,0,1,0,0,0,0,0,0,0,0,0,0,0,0,civic
32,2,gas,std,two,hatchback,fwd,front,86.6,144.6,63.9,50.8,1819,ohc,four,92,1bbl,2.91,3.41,9.2,76,6000,31,38,6855.0,honda,honda,ohc,bbl,0,0,0,0,1,0,0,0,1,0,0,0,1,0,0,0,1,0,0,0,0,1,0,1,0,0,0,0,2,4,civic,1,1,0,honda,civic,civic,civic,0,0,0,1,0,0,0,0,0,0,0,0,0,0,0,0,civic
33,1,gas,std,two,hatchback,fwd,front,93.7,150.0,64.0,52.6,1837,ohc,four,79,1bbl,2.91,3.07,10.1,60,5500,38,42,5399.0,honda,honda,ohc,bbl,0,0,0,1,0,0,0,0,1,0,0,0,1,0,0,0,1,0,0,0,0,1,0,1,0,0,0,0,2,4,civic,1,1,0,honda,civic,civic,civic,0,0,0,1,0,0,0,0,0,0,0,0,0,0,0,0,civic
34,1,gas,std,two,hatchback,fwd,front,93.7,150.0,64.0,52.6,1940,ohc,four,92,1bbl,2.91,3.41,9.2,76,6000,30,34,6529.0,honda,honda,ohc,bbl,0,0,0,1,0,0,0,0,1,0,0,0,1,0,0,0,1,0,0,0,0,1,0,1,0,0,0,0,2,4,accord,1,1,0,honda,accord,accord,accord,0,1,0,0,0,0,0,0,0,0,0,0,0,0,0,0,accord
35,1,gas,std,two,hatchback,fwd,front,93.7,150.0,64.0,52.6,1956,ohc,four,92,1bbl,2.91,3.41,9.2,76,6000,30,34,7129.0,honda,honda,ohc,bbl,0,0,0,1,0,0,0,0,1,0,0,0,1,0,0,0,1,0,0,0,0,1,0,1,0,0,0,0,2,4,civic,1,1,0,honda,civic,civic,civic,0,0,0,1,0,0,0,0,0,0,0,0,0,0,0,0,civic
36,0,gas,std,four,sedan,fwd,front,96.5,163.4,64.0,54.5,2010,ohc,four,92,1bbl,2.91,3.41,9.2,76,6000,30,34,7295.0,honda,honda,ohc,bbl,0,0,1,0,0,0,0,0,0,1,0,0,1,0,0,0,1,0,0,0,0,1,0,1,0,0,0,0,4,4,accord,1,1,0,honda,accord,accord,accord,0,1,0,0,0,0,0,0,0,0,0,0,0,0,0,0,accord
37,0,gas,std,four,wagon,fwd,front,96.5,157.1,63.9,58.3,2024,ohc,four,92,1bbl,2.92,3.41,9.2,76,6000,30,34,7295.0,honda,honda,ohc,bbl,0,0,1,0,0,0,0,0,0,0,1,0,1,0,0,0,1,0,0,0,0,1,0,1,0,0,0,0,4,4,civic,1,1,0,honda,civic,civic,civic,0,0,0,1,0,0,0,0,0,0,0,0,0,0,0,0,civic
38,0,gas,std,two,hatchback,fwd,front,96.5,167.5,65.2,53.3,2236,ohc,four,110,1bbl,3.15,3.58,9.0,86,5800,27,33,7895.0,honda,honda,ohc,bbl,0,0,1,0,0,0,0,0,1,0,0,0,1,0,0,0,1,0,0,0,0,1,0,1,0,0,0,0,2,4,accord,1,1,0,honda,accord,accord,accord,0,1,0,0,0,0,0,0,0,0,0,0,0,0,0,0,accord
39,0,gas,std,two,hatchback,fwd,front,96.5,167.5,65.2,53.3,2289,ohc,four,110,1bbl,3.15,3.58,9.0,86,5800,27,33,9095.0,honda,honda,ohc,bbl,0,0,1,0,0,0,0,0,1,0,0,0,1,0,0,0,1,0,0,0,0,1,0,1,0,0,0,0,2,4,civic,1,1,0,honda,civic,civic,civic,0,0,0,1,0,0,0,0,0,0,0,0,0,0,0,0,civic
40,0,gas,std,four,sedan,fwd,front,96.5,175.4,65.2,54.1,2304,ohc,four,110,1bbl,3.15,3.58,9.0,86,5800,27,33,8845.0,honda,honda,ohc,bbl,0,0,1,0,0,0,0,0,0,1,0,0,1,0,0,0,1,0,0,0,0,1,0,1,0,0,0,0,4,4,r,1,1,0,honda,e,e,r,0,0,0,0,0,0,0,0,0,0,0,0,0,0,1,0,r
41,0,gas,std,four,sedan,fwd,front,96.5,175.4,62.5,54.1,2372,ohc,four,110,1bbl,3.15,3.58,9.0,86,5800,27,33,10295.0,honda,honda,ohc,bbl,0,0,1,0,0,0,0,0,0,1,0,0,1,0,0,0,1,0,0,0,0,1,0,1,0,0,0,0,4,4,accord,1,1,0,honda,accord,accord,accord,0,1,0,0,0,0,0,0,0,0,0,0,0,0,0,0,accord
42,0,gas,std,four,sedan,fwd,front,96.5,175.4,65.2,54.1,2465,ohc,four,110,mpfi,3.15,3.58,9.0,101,5800,24,28,12945.0,honda,honda,ohc,mpfi,0,0,1,0,0,0,0,0,0,1,0,0,1,0,0,0,1,0,0,0,0,1,0,0,0,0,1,0,4,4,civic,1,0,0,honda,civic,civic,civic,0,0,0,1,0,0,0,0,0,0,0,0,0,0,0,0,civic
43,1,gas,std,two,sedan,fwd,front,96.5,169.1,66.0,51.0,2293,ohc,four,110,2bbl,3.15,3.58,9.1,100,5500,25,31,10345.0,honda,honda,ohc,bbl,0,0,0,1,0,0,0,0,0,1,0,0,1,0,0,0,1,0,0,0,0,1,0,0,1,0,0,0,2,4,civic,1,1,0,honda,civic,civic,civic,0,0,0,1,0,0,0,0,0,0,0,0,0,0,0,0,civic
44,0,gas,std,four,sedan,rwd,front,94.3,170.7,61.8,53.5,2337,ohc,four,111,2bbl,3.31,3.23,8.5,78,4800,24,29,6785.0,isuzu,isuzu,ohc,bbl,0,0,1,0,0,0,0,0,0,1,0,0,0,1,0,0,1,0,0,0,0,1,0,0,1,0,0,0,4,4,nan,1,1,0,isuzu,nan,nan,x,0,0,0,0,0,0,0,0,0,0,0,0,0,0,0,0,e
45,1,gas,std,two,sedan,fwd,front,94.5,155.9,63.6,52.0,1874,ohc,four,90,2bbl,3.03,3.11,9.6,70,5400,38,43,8916.5,isuzu,isuzu,ohc,bbl,0,0,0,1,0,0,0,0,0,1,0,0,1,0,0,0,1,0,0,0,0,1,0,0,1,0,0,0,2,4,D,1,1,0,isuzu,D,D,d,1,0,0,0,0,0,0,0,0,0,0,0,0,0,0,0,D
46,0,gas,std,four,sedan,fwd,front,94.5,155.9,63.6,52.0,1909,ohc,four,90,2bbl,3.03,3.11,9.6,70,5400,38,43,8916.5,isuzu,isuzu,ohc,bbl,0,0,1,0,0,0,0,0,0,1,0,0,1,0,0,0,1,0,0,0,0,1,0,0,1,0,0,0,4,4,D,1,1,0,isuzu,D,D,d,1,0,0,0,0,0,0,0,0,0,0,0,0,0,0,0,D
47,2,gas,std,two,hatchback,rwd,front,96.0,172.6,65.2,51.4,2734,ohc,four,119,spfi,3.43,3.23,9.2,90,5000,24,29,11048.0,isuzu,isuzu,ohc,nan,0,0,0,0,1,0,0,0,1,0,0,0,0,1,0,0,1,0,0,0,0,1,0,0,0,0,0,0,2,4,D,1,0,0,isuzu,D,D,d,1,0,0,0,0,0,0,0,0,0,0,0,0,0,0,0,D
48,0,gas,std,four,sedan,rwd,front,113.0,199.6,69.6,52.8,4066,dohc,six,258,mpfi,3.63,4.17,8.1,176,4750,15,19,32250.0,jaguar,jaguar,dohc,mpfi,0,0,1,0,0,0,0,0,0,1,0,0,0,1,1,0,0,0,0,0,0,0,1,0,0,0,1,0,4,6,x,0,0,0,jaguar,x,x,x,0,0,0,0,0,0,0,0,0,0,0,0,0,0,0,1,x
49,0,gas,std,four,sedan,rwd,front,113.0,199.6,69.6,52.8,4066,dohc,six,258,mpfi,3.63,4.17,8.1,176,4750,15,19,35550.0,jaguar,jaguar,dohc,mpfi,0,0,1,0,0,0,0,0,0,1,0,0,0,1,1,0,0,0,0,0,0,0,1,0,0,0,1,0,4,6,x,0,0,0,jaguar,x,x,x,0,0,0,0,0,0,0,0,0,0,0,0,0,0,0,1,x
50,0,gas,std,two,sedan,rwd,front,102.0,191.7,70.6,47.8,3950,ohcv,twelve,326,mpfi,3.54,2.76,11.5,262,5000,13,17,36000.0,jaguar,jaguar,ohc,mpfi,0,0,1,0,0,0,0,0,0,1,0,0,0,1,0,0,0,0,1,0,0,0,0,0,0,0,1,0,2,12,x,1,0,0,jaguar,x,x,x,0,0,0,0,0,0,0,0,0,0,0,0,0,0,0,1,x
51,1,gas,std,two,hatchback,fwd,front,93.1,159.1,64.2,54.1,1890,ohc,four,91,2bbl,3.03,3.15,9.0,68,5000,30,31,5195.0,maxda,nan,ohc,bbl,0,0,0,1,0,0,0,0,1,0,0,0,1,0,0,0,1,0,0,0,0,1,0,0,1,0,0,0,2,4,r,1,1,0,toyota,rx,rx,r,0,0,0,0,0,0,0,0,0,0,0,0,0,0,1,0,r
52,1,gas,std,two,hatchback,fwd,front,93.1,159.1,64.2,54.1,1900,ohc,four,91,2bbl,3.03,3.15,9.0,68,5000,31,38,6095.0,maxda,nan,ohc,bbl,0,0,0,1,0,0,0,0,1,0,0,0,1,0,0,0,1,0,0,0,0,1,0,0,1,0,0,0,2,4,g,1,1,0,toyota,g,g,g,0,0,0,0,0,0,0,0,0,0,1,0,0,0,0,0,g
53,1,gas,std,two,hatchback,fwd,front,93.1,159.1,64.2,54.1,1905,ohc,four,91,2bbl,3.03,3.15,9.0,68,5000,31,38,6795.0,mazda,mazda,ohc,bbl,0,0,0,1,0,0,0,0,1,0,0,0,1,0,0,0,1,0,0,0,0,1,0,0,1,0,0,0,2,4,r,1,1,0,mazda,rx,rx,r,0,0,0,0,0,0,0,0,0,0,0,0,0,0,1,0,r
54,1,gas,std,four,sedan,fwd,front,93.1,166.8,64.2,54.1,1945,ohc,four,91,2bbl,3.03,3.15,9.0,68,5000,31,38,6695.0,mazda,mazda,ohc,bbl,0,0,0,1,0,0,0,0,0,1,0,0,1,0,0,0,1,0,0,0,0,1,0,0,1,0,0,0,4,4,r,1,1,0,mazda,rx,rx,r,0,0,0,0,0,0,0,0,0,0,0,0,0,0,1,0,r
55,1,gas,std,four,sedan,fwd,front,93.1,166.8,64.2,54.1,1950,ohc,four,91,2bbl,3.08,3.15,9.0,68,5000,31,38,7395.0,mazda,mazda,ohc,bbl,0,0,0,1,0,0,0,0,0,1,0,0,1,0,0,0,1,0,0,0,0,1,0,0,1,0,0,0,4,4,g,1,1,0,mazda,g,g,g,0,0,0,0,0,0,0,0,0,0,1,0,0,0,0,0,g
56,3,gas,std,two,hatchback,rwd,front,95.3,169.0,65.7,49.6,2380,rotor,two,70,4bbl,3.33,3.255,9.4,101,6000,17,23,10945.0,mazda,mazda,rotor,bbl,0,0,0,0,0,1,0,0,1,0,0,0,0,1,0,0,0,0,0,1,0,0,0,0,0,0,0,0,2,2,nan,0,1,0,mazda,nan,nan,nan,0,0,0,0,0,0,0,0,0,0,0,0,0,0,0,0,e
57,3,gas,std,two,hatchback,rwd,front,95.3,169.0,65.7,49.6,2380,rotor,two,70,4bbl,3.33,3.255,9.4,101,6000,17,23,11845.0,mazda,mazda,rotor,bbl,0,0,0,0,0,1,0,0,1,0,0,0,0,1,0,0,0,0,0,1,0,0,0,0,0,0,0,0,2,2,g,0,1,0,mazda,g,g,g,0,0,0,0,0,0,0,0,0,0,1,0,0,0,0,0,g
58,3,gas,std,two,hatchback,rwd,front,95.3,169.0,65.7,49.6,2385,rotor,two,70,4bbl,3.33,3.255,9.4,101,6000,17,23,13645.0,mazda,mazda,rotor,bbl,0,0,0,0,0,1,0,0,1,0,0,0,0,1,0,0,0,0,0,1,0,0,0,0,0,0,0,0,2,2,r,0,1,0,mazda,rx,rx,r,0,0,0,0,0,0,0,0,0,0,0,0,0,0,1,0,r
59,3,gas,std,two,hatchback,rwd,front,95.3,169.0,65.7,49.6,2500,rotor,two,80,mpfi,3.33,3.255,9.4,135,6000,16,23,15645.0,mazda,mazda,rotor,mpfi,0,0,0,0,0,1,0,0,1,0,0,0,0,1,0,0,0,0,0,1,0,0,0,0,0,0,1,0,2,2,g,0,0,0,mazda,g,g,g,0,0,0,0,0,0,0,0,0,0,1,0,0,0,0,0,g
60,1,gas,std,two,hatchback,fwd,front,98.8,177.8,66.5,53.7,2385,ohc,four,122,2bbl,3.39,3.39,8.6,84,4800,26,32,8845.0,mazda,mazda,ohc,bbl,0,0,0,1,0,0,0,0,1,0,0,0,1,0,0,0,1,0,0,0,0,1,0,0,1,0,0,0,2,4,nan,1,1,0,mazda,nan,nan,nan,0,0,0,0,0,0,0,0,0,0,0,0,0,0,0,0,e
61,0,gas,std,four,sedan,fwd,front,98.8,177.8,66.5,55.5,2410,ohc,four,122,2bbl,3.39,3.39,8.6,84,4800,26,32,8495.0,mazda,mazda,ohc,bbl,0,0,1,0,0,0,0,0,0,1,0,0,1,0,0,0,1,0,0,0,0,1,0,0,1,0,0,0,4,4,g,1,1,0,mazda,g,g,g,0,0,0,0,0,0,0,0,0,0,1,0,0,0,0,0,g
62,1,gas,std,two,hatchback,fwd,front,98.8,177.8,66.5,53.7,2385,ohc,four,122,2bbl,3.39,3.39,8.6,84,4800,26,32,10595.0,mazda,mazda,ohc,bbl,0,0,0,1,0,0,0,0,1,0,0,0,1,0,0,0,1,0,0,0,0,1,0,0,1,0,0,0,2,4,g,1,1,0,mazda,g,g,g,0,0,0,0,0,0,0,0,0,0,1,0,0,0,0,0,g
63,0,gas,std,four,sedan,fwd,front,98.8,177.8,66.5,55.5,2410,ohc,four,122,2bbl,3.39,3.39,8.6,84,4800,26,32,10245.0,mazda,mazda,ohc,bbl,0,0,1,0,0,0,0,0,0,1,0,0,1,0,0,0,1,0,0,0,0,1,0,0,1,0,0,0,4,4,r,1,1,0,mazda,rx,rx,r,0,0,0,0,0,0,0,0,0,0,0,0,0,0,1,0,r
64,0,diesel,std,four,sedan,fwd,front,98.8,177.8,66.5,55.5,2443,ohc,four,122,idi,3.39,3.39,22.7,64,4650,36,42,10795.0,mazda,mazda,ohc,idi,0,0,1,0,0,0,0,0,0,1,0,0,1,0,0,0,1,0,0,0,0,1,0,0,0,1,0,0,4,4,g,1,0,0,mazda,g,g,g,0,0,0,0,0,0,0,0,0,0,1,0,0,0,0,0,g
65,0,gas,std,four,hatchback,fwd,front,98.8,177.8,66.5,55.5,2425,ohc,four,122,2bbl,3.39,3.39,8.6,84,4800,26,32,11245.0,mazda,mazda,ohc,bbl,0,0,1,0,0,0,0,0,1,0,0,0,1,0,0,0,1,0,0,0,0,1,0,0,1,0,0,0,4,4,nan,1,1,0,mazda,nan,nan,nan,0,0,0,0,0,0,0,0,0,0,0,0,0,0,0,0,e
66,0,gas,std,four,sedan,rwd,front,104.9,175.0,66.1,54.4,2670,ohc,four,140,mpfi,3.76,3.16,8.0,120,5000,19,27,18280.0,mazda,mazda,ohc,mpfi,0,0,1,0,0,0,0,0,0,1,0,0,0,1,0,0,1,0,0,0,0,1,0,0,0,0,1,0,4,4,g,1,0,0,mazda,g,g,g,0,0,0,0,0,0,0,0,0,0,1,0,0,0,0,0,g
67,0,diesel,std,four,sedan,rwd,front,104.9,175.0,66.1,54.4,2700,ohc,four,134,idi,3.43,3.64,22.0,72,4200,31,39,18344.0,mazda,mazda,ohc,idi,0,0,1,0,0,0,0,0,0,1,0,0,0,1,0,0,1,0,0,0,0,1,0,0,0,1,0,0,4,4,r,1,0,0,mazda,rx,rx,r,0,0,0,0,0,0,0,0,0,0,0,0,0,0,1,0,r
68,-1,diesel,turbo,four,sedan,rwd,front,110.0,190.9,70.3,56.5,3515,ohc,five,183,idi,3.58,3.64,21.5,123,4350,22,25,25552.0,buick,buick,ohc,idi,0,1,0,0,0,0,0,0,0,1,0,0,0,1,0,0,1,0,0,0,1,0,0,0,0,1,0,0,4,5,e,1,0,0,buick,e,e,e,0,0,0,0,0,0,0,0,1,0,0,0,0,0,0,0,e
69,-1,diesel,turbo,four,wagon,rwd,front,110.0,190.9,70.3,58.7,3750,ohc,five,183,idi,3.58,3.64,21.5,123,4350,22,25,28248.0,buick,buick,ohc,idi,0,1,0,0,0,0,0,0,0,0,1,0,0,1,0,0,1,0,0,0,1,0,0,0,0,1,0,0,4,5,century,1,0,0,buick,century,century,century,0,0,1,0,0,0,0,0,0,0,0,0,0,0,0,0,century
70,0,diesel,turbo,two,hardtop,rwd,front,106.7,187.5,70.3,54.9,3495,ohc,five,183,idi,3.58,3.64,21.5,123,4350,22,25,28176.0,buick,buick,ohc,idi,0,0,1,0,0,0,0,1,0,0,0,0,0,1,0,0,1,0,0,0,1,0,0,0,0,1,0,0,2,5,century,1,0,0,buick,century,century,century,0,0,1,0,0,0,0,0,0,0,0,0,0,0,0,0,century
71,-1,diesel,turbo,four,sedan,rwd,front,115.6,202.6,71.7,56.3,3770,ohc,five,183,idi,3.58,3.64,21.5,123,4350,22,25,31600.0,buick,buick,ohc,idi,0,1,0,0,0,0,0,0,0,1,0,0,0,1,0,0,1,0,0,0,1,0,0,0,0,1,0,0,4,5,nan,1,0,0,buick,nan,nan,nan,0,0,0,0,0,0,0,0,0,0,0,0,0,0,0,0,e
72,-1,gas,std,four,sedan,rwd,front,115.6,202.6,71.7,56.5,3740,ohcv,eight,234,mpfi,3.46,3.1,8.3,155,4750,16,18,34184.0,buick,buick,ohc,mpfi,0,1,0,0,0,0,0,0,0,1,0,0,0,1,0,0,0,0,1,0,0,0,0,0,0,0,1,0,4,8,e,1,0,1,buick,e,e,e,0,0,0,0,0,0,0,0,1,0,0,0,0,0,0,0,e
73,3,gas,std,two,convertible,rwd,front,96.6,180.3,70.5,50.8,3685,ohcv,eight,234,mpfi,3.46,3.1,8.3,155,4750,16,18,35056.0,buick,buick,ohc,mpfi,0,0,0,0,0,1,1,0,0,0,0,0,0,1,0,0,0,0,1,0,0,0,0,0,0,0,1,0,2,8,r,1,0,1,buick,nan,nan,r,0,0,0,0,0,0,0,0,0,0,0,0,0,0,1,0,r
74,0,gas,std,four,sedan,rwd,front,120.9,208.1,71.7,56.7,3900,ohcv,eight,308,mpfi,3.8,3.35,8.0,184,4500,14,16,40960.0,buick,buick,ohc,mpfi,0,0,1,0,0,0,0,0,0,1,0,0,0,1,0,0,0,0,1,0,0,0,0,0,0,0,1,0,4,8,century,1,0,1,buick,century,century,century,0,0,1,0,0,0,0,0,0,0,0,0,0,0,0,0,century
75,1,gas,std,two,hardtop,rwd,front,112.0,199.2,72.0,55.4,3715,ohcv,eight,304,mpfi,3.8,3.35,8.0,184,4500,14,16,45400.0,buick,buick,ohc,mpfi,0,0,0,1,0,0,0,1,0,0,0,0,0,1,0,0,0,0,1,0,0,0,0,0,0,0,1,0,2,8,r,1,0,1,buick,e,e,r,0,0,0,0,0,0,0,0,0,0,0,0,0,0,1,0,r
76,1,gas,turbo,two,hatchback,rwd,front,102.7,178.4,68.0,54.8,2910,ohc,four,140,mpfi,3.78,3.12,8.0,175,5000,19,24,16503.0,mercury,nan,ohc,mpfi,0,0,0,1,0,0,0,0,1,0,0,0,0,1,0,0,1,0,0,0,0,1,0,0,0,0,1,0,2,4,g,1,0,0,toyota,g,g,g,0,0,0,0,0,0,0,0,0,0,1,0,0,0,0,0,g
77,2,gas,std,two,hatchback,fwd,front,93.7,157.3,64.4,50.8,1918,ohc,four,92,2bbl,2.97,3.23,9.4,68,5500,37,41,5389.0,mitsubishi,mitsubishi,ohc,bbl,0,0,0,0,1,0,0,0,1,0,0,0,1,0,0,0,1,0,0,0,0,1,0,0,1,0,0,0,2,4,mirage,1,1,0,mitsubishi,mirage,mirage,mirage,0,0,0,0,0,0,0,0,0,0,0,0,1,0,0,0,mirage
78,2,gas,std,two,hatchback,fwd,front,93.7,157.3,64.4,50.8,1944,ohc,four,92,2bbl,2.97,3.23,9.4,68,5500,31,38,6189.0,mitsubishi,mitsubishi,ohc,bbl,0,0,0,0,1,0,0,0,1,0,0,0,1,0,0,0,1,0,0,0,0,1,0,0,1,0,0,0,2,4,e,1,1,0,mitsubishi,e,e,e,0,0,0,0,0,0,0,0,1,0,0,0,0,0,0,0,e
79,2,gas,std,two,hatchback,fwd,front,93.7,157.3,64.4,50.8,2004,ohc,four,92,2bbl,2.97,3.23,9.4,68,5500,31,38,6669.0,mitsubishi,mitsubishi,ohc,bbl,0,0,0,0,1,0,0,0,1,0,0,0,1,0,0,0,1,0,0,0,0,1,0,0,1,0,0,0,2,4,outlander,1,1,0,mitsubishi,outlander,outlander,outlander,0,0,0,0,0,0,0,0,0,0,0,0,0,1,0,0,outlander
80,1,gas,turbo,two,hatchback,fwd,front,93.0,157.3,63.8,50.8,2145,ohc,four,98,spdi,3.03,3.39,7.6,102,5500,24,30,7689.0,mitsubishi,mitsubishi,ohc,spdi,0,0,0,1,0,0,0,0,1,0,0,0,1,0,0,0,1,0,0,0,0,1,0,0,0,0,0,1,2,4,g,1,0,0,mitsubishi,g,g,g,0,0,0,0,0,0,0,0,0,0,1,0,0,0,0,0,g
81,3,gas,turbo,two,hatchback,fwd,front,96.3,173.0,65.4,49.4,2370,ohc,four,110,spdi,3.17,3.46,7.5,116,5500,23,30,9959.0,mitsubishi,mitsubishi,ohc,spdi,0,0,0,0,0,1,0,0,1,0,0,0,1,0,0,0,1,0,0,0,0,1,0,0,0,0,0,1,2,4,mirage,1,0,0,mitsubishi,mirage,mirage,mirage,0,0,0,0,0,0,0,0,0,0,0,0,1,0,0,0,mirage
82,3,gas,std,two,hatchback,fwd,front,96.3,173.0,65.4,49.4,2328,ohc,four,122,2bbl,3.35,3.46,8.5,88,5000,25,32,8499.0,mitsubishi,mitsubishi,ohc,bbl,0,0,0,0,0,1,0,0,1,0,0,0,1,0,0,0,1,0,0,0,0,1,0,0,1,0,0,0,2,4,g,1,1,0,mitsubishi,g,g,g,0,0,0,0,0,0,0,0,0,0,1,0,0,0,0,0,g
83,3,gas,turbo,two,hatchback,fwd,front,95.9,173.2,66.3,50.2,2833,ohc,four,156,spdi,3.58,3.86,7.0,145,5000,19,24,12629.0,mitsubishi,mitsubishi,ohc,spdi,0,0,0,0,0,1,0,0,1,0,0,0,1,0,0,0,1,0,0,0,0,1,0,0,0,0,0,1,2,4,outlander,1,0,0,mitsubishi,outlander,outlander,outlander,0,0,0,0,0,0,0,0,0,0,0,0,0,1,0,0,outlander
84,3,gas,turbo,two,hatchback,fwd,front,95.9,173.2,66.3,50.2,2921,ohc,four,156,spdi,3.59,3.86,7.0,145,5000,19,24,14869.0,mitsubishi,mitsubishi,ohc,spdi,0,0,0,0,0,1,0,0,1,0,0,0,1,0,0,0,1,0,0,0,0,1,0,0,0,0,0,1,2,4,g,1,0,0,mitsubishi,g,g,g,0,0,0,0,0,0,0,0,0,0,1,0,0,0,0,0,g
85,3,gas,turbo,two,hatchback,fwd,front,95.9,173.2,66.3,50.2,2926,ohc,four,156,spdi,3.59,3.86,7.0,145,5000,19,24,14489.0,mitsubishi,mitsubishi,ohc,spdi,0,0,0,0,0,1,0,0,1,0,0,0,1,0,0,0,1,0,0,0,0,1,0,0,0,0,0,1,2,4,mirage,1,0,0,mitsubishi,mirage,mirage,mirage,0,0,0,0,0,0,0,0,0,0,0,0,1,0,0,0,mirage
86,1,gas,std,four,sedan,fwd,front,96.3,172.4,65.4,51.6,2365,ohc,four,122,2bbl,3.35,3.46,8.5,88,5000,25,32,6989.0,mitsubishi,mitsubishi,ohc,bbl,0,0,0,1,0,0,0,0,0,1,0,0,1,0,0,0,1,0,0,0,0,1,0,0,1,0,0,0,4,4,e,1,1,0,mitsubishi,e,e,e,0,0,0,0,0,0,0,0,1,0,0,0,0,0,0,0,e
87,1,gas,std,four,sedan,fwd,front,96.3,172.4,65.4,51.6,2405,ohc,four,122,2bbl,3.35,3.46,8.5,88,5000,25,32,8189.0,mitsubishi,mitsubishi,ohc,bbl,0,0,0,1,0,0,0,0,0,1,0,0,1,0,0,0,1,0,0,0,0,1,0,0,1,0,0,0,4,4,e,1,1,0,mitsubishi,e,e,e,0,0,0,0,0,0,0,0,1,0,0,0,0,0,0,0,e
88,1,gas,turbo,four,sedan,fwd,front,96.3,172.4,65.4,51.6,2403,ohc,four,110,spdi,3.17,3.46,7.5,116,5500,23,30,9279.0,mitsubishi,mitsubishi,ohc,spdi,0,0,0,1,0,0,0,0,0,1,0,0,1,0,0,0,1,0,0,0,0,1,0,0,0,0,0,1,4,4,outlander,1,0,0,mitsubishi,outlander,outlander,outlander,0,0,0,0,0,0,0,0,0,0,0,0,0,1,0,0,outlander
89,-1,gas,std,four,sedan,fwd,front,96.3,172.4,65.4,51.6,2403,ohc,four,110,spdi,3.17,3.46,7.5,116,5500,23,30,9279.0,mitsubishi,mitsubishi,ohc,spdi,0,1,0,0,0,0,0,0,0,1,0,0,1,0,0,0,1,0,0,0,0,1,0,0,0,0,0,1,4,4,mirage,1,0,0,mitsubishi,mirage,mirage,mirage,0,0,0,0,0,0,0,0,0,0,0,0,1,0,0,0,mirage
90,1,gas,std,two,sedan,fwd,front,94.5,165.3,63.8,54.5,1889,ohc,four,97,2bbl,3.15,3.29,9.4,69,5200,31,37,5499.0,Nissan,nan,ohc,bbl,0,0,0,1,0,0,0,0,0,1,0,0,1,0,0,0,1,0,0,0,0,1,0,0,1,0,0,0,2,4,e,1,1,0,toyota,e,e,e,0,0,0,0,0,0,0,0,1,0,0,0,0,0,0,0,e
91,1,diesel,std,two,sedan,fwd,front,94.5,165.3,63.8,54.5,2017,ohc,four,103,idi,2.99,3.47,21.9,55,4800,45,50,7099.0,nissan,nissan,ohc,idi,0,0,0,1,0,0,0,0,0,1,0,0,1,0,0,0,1,0,0,0,0,1,0,0,0,1,0,0,2,4,g,1,0,0,nissan,g,g,g,0,0,0,0,0,0,0,0,0,0,1,0,0,0,0,0,g
92,1,gas,std,two,sedan,fwd,front,94.5,165.3,63.8,54.5,1918,ohc,four,97,2bbl,3.15,3.29,9.4,69,5200,31,37,6649.0,nissan,nissan,ohc,bbl,0,0,0,1,0,0,0,0,0,1,0,0,1,0,0,0,1,0,0,0,0,1,0,0,1,0,0,0,2,4,r,1,1,0,nissan,g,g,r,0,0,0,0,0,0,0,0,0,0,0,0,0,0,1,0,r
93,1,gas,std,four,sedan,fwd,front,94.5,165.3,63.8,54.5,1938,ohc,four,97,2bbl,3.15,3.29,9.4,69,5200,31,37,6849.0,nissan,nissan,ohc,bbl,0,0,0,1,0,0,0,0,0,1,0,0,1,0,0,0,1,0,0,0,0,1,0,0,1,0,0,0,4,4,nan,1,1,0,nissan,nan,nan,nan,0,0,0,0,0,0,0,0,0,0,0,0,0,0,0,0,e
94,1,gas,std,four,wagon,fwd,front,94.5,170.2,63.8,53.5,2024,ohc,four,97,2bbl,3.15,3.29,9.4,69,5200,31,37,7349.0,nissan,nissan,ohc,bbl,0,0,0,1,0,0,0,0,0,0,1,0,1,0,0,0,1,0,0,0,0,1,0,0,1,0,0,0,4,4,nan,1,1,0,nissan,nan,nan,nan,0,0,0,0,0,0,0,0,0,0,0,0,0,0,0,0,e
95,1,gas,std,two,sedan,fwd,front,94.5,165.3,63.8,54.5,1951,ohc,four,97,2bbl,3.15,3.29,9.4,69,5200,31,37,7299.0,nissan,nissan,ohc,bbl,0,0,0,1,0,0,0,0,0,1,0,0,1,0,0,0,1,0,0,0,0,1,0,0,1,0,0,0,2,4,e,1,1,0,nissan,e,e,e,0,0,0,0,0,0,0,0,1,0,0,0,0,0,0,0,e
96,1,gas,std,two,hatchback,fwd,front,94.5,165.6,63.8,53.3,2028,ohc,four,97,2bbl,3.15,3.29,9.4,69,5200,31,37,7799.0,nissan,nissan,ohc,bbl,0,0,0,1,0,0,0,0,1,0,0,0,1,0,0,0,1,0,0,0,0,1,0,0,1,0,0,0,2,4,e,1,1,0,nissan,e,e,e,0,0,0,0,0,0,0,0,1,0,0,0,0,0,0,0,e
97,1,gas,std,four,sedan,fwd,front,94.5,165.3,63.8,54.5,1971,ohc,four,97,2bbl,3.15,3.29,9.4,69,5200,31,37,7499.0,nissan,nissan,ohc,bbl,0,0,0,1,0,0,0,0,0,1,0,0,1,0,0,0,1,0,0,0,0,1,0,0,1,0,0,0,4,4,nan,1,1,0,nissan,nan,nan,nan,0,0,0,0,0,0,0,0,0,0,0,0,0,0,0,0,e
98,1,gas,std,four,wagon,fwd,front,94.5,170.2,63.8,53.5,2037,ohc,four,97,2bbl,3.15,3.29,9.4,69,5200,31,37,7999.0,nissan,nissan,ohc,bbl,0,0,0,1,0,0,0,0,0,0,1,0,1,0,0,0,1,0,0,0,0,1,0,0,1,0,0,0,4,4,e,1,1,0,nissan,e,e,e,0,0,0,0,0,0,0,0,1,0,0,0,0,0,0,0,e
99,2,gas,std,two,hardtop,fwd,front,95.1,162.4,63.8,53.3,2008,ohc,four,97,2bbl,3.15,3.29,9.4,69,5200,31,37,8249.0,nissan,nissan,ohc,bbl,0,0,0,0,1,0,0,1,0,0,0,0,1,0,0,0,1,0,0,0,0,1,0,0,1,0,0,0,2,4,e,1,1,0,nissan,e,e,e,0,0,0,0,0,0,0,0,1,0,0,0,0,0,0,0,e
100,0,gas,std,four,hatchback,fwd,front,97.2,173.4,65.2,54.7,2324,ohc,four,120,2bbl,3.33,3.47,8.5,97,5200,27,34,8949.0,nissan,nissan,ohc,bbl,0,0,1,0,0,0,0,0,1,0,0,0,1,0,0,0,1,0,0,0,0,1,0,0,1,0,0,0,4,4,r,1,1,0,nissan,g,g,r,0,0,0,0,0,0,0,0,0,0,0,0,0,0,1,0,r
101,0,gas,std,four,sedan,fwd,front,97.2,173.4,65.2,54.7,2302,ohc,four,120,2bbl,3.33,3.47,8.5,97,5200,27,34,9549.0,nissan,nissan,ohc,bbl,0,0,1,0,0,0,0,0,0,1,0,0,1,0,0,0,1,0,0,0,0,1,0,0,1,0,0,0,4,4,nan,1,1,0,nissan,nan,nan,nan,0,0,0,0,0,0,0,0,0,0,0,0,0,0,0,0,e
102,0,gas,std,four,sedan,fwd,front,100.4,181.7,66.5,55.1,3095,ohcv,six,181,mpfi,3.43,3.27,9.0,152,5200,17,22,13499.0,nissan,nissan,ohc,mpfi,0,0,1,0,0,0,0,0,0,1,0,0,1,0,0,0,0,0,1,0,0,0,1,0,0,0,1,0,4,6,nan,1,0,0,nissan,nan,nan,d,0,0,0,0,0,0,0,0,0,0,0,0,0,0,0,0,e
103,0,gas,std,four,wagon,fwd,front,100.4,184.6,66.5,56.1,3296,ohcv,six,181,mpfi,3.43,3.27,9.0,152,5200,17,22,14399.0,nissan,nissan,ohc,mpfi,0,0,1,0,0,0,0,0,0,0,1,0,1,0,0,0,0,0,1,0,0,0,1,0,0,0,1,0,4,6,g,1,0,0,nissan,g,g,g,0,0,0,0,0,0,0,0,0,0,1,0,0,0,0,0,g
104,0,gas,std,four,sedan,fwd,front,100.4,184.6,66.5,55.1,3060,ohcv,six,181,mpfi,3.43,3.27,9.0,152,5200,19,25,13499.0,nissan,nissan,ohc,mpfi,0,0,1,0,0,0,0,0,0,1,0,0,1,0,0,0,0,0,1,0,0,0,1,0,0,0,1,0,4,6,nan,1,0,0,nissan,nan,nan,nan,0,0,0,0,0,0,0,0,0,0,0,0,0,0,0,0,e
105,3,gas,std,two,hatchback,rwd,front,91.3,170.7,67.9,49.7,3071,ohcv,six,181,mpfi,3.43,3.27,9.0,160,5200,19,25,17199.0,nissan,nissan,ohc,mpfi,0,0,0,0,0,1,0,0,1,0,0,0,0,1,0,0,0,0,1,0,0,0,1,0,0,0,1,0,2,6,e,1,0,0,nissan,e,e,e,0,0,0,0,0,0,0,0,1,0,0,0,0,0,0,0,e
106,3,gas,turbo,two,hatchback,rwd,front,91.3,170.7,67.9,49.7,3139,ohcv,six,181,mpfi,3.43,3.27,7.8,200,5200,17,23,19699.0,nissan,nissan,ohc,mpfi,0,0,0,0,0,1,0,0,1,0,0,0,0,1,0,0,0,0,1,0,0,0,1,0,0,0,1,0,2,6,nan,1,0,0,nissan,nan,nan,nan,0,0,0,0,0,0,0,0,0,0,0,0,0,0,0,0,e
107,1,gas,std,two,hatchback,rwd,front,99.2,178.5,67.9,49.7,3139,ohcv,six,181,mpfi,3.43,3.27,9.0,160,5200,19,25,18399.0,nissan,nissan,ohc,mpfi,0,0,0,1,0,0,0,0,1,0,0,0,0,1,0,0,0,0,1,0,0,0,1,0,0,0,1,0,2,6,e,1,0,0,nissan,e,e,e,0,0,0,0,0,0,0,0,1,0,0,0,0,0,0,0,e
108,0,gas,std,four,sedan,rwd,front,107.9,186.7,68.4,56.7,3020,l,four,120,mpfi,3.46,3.19,8.4,97,5000,19,24,11900.0,peugeot,peugeot,l,mpfi,0,0,1,0,0,0,0,0,0,1,0,0,0,1,0,1,0,0,0,0,0,1,0,0,0,0,1,0,4,4,nan,0,0,0,peugeot,nan,nan,nan,0,0,0,0,0,0,0,0,0,0,0,0,0,0,0,0,e
109,0,diesel,turbo,four,sedan,rwd,front,107.9,186.7,68.4,56.7,3197,l,four,152,idi,3.7,3.52,21.0,95,4150,28,33,13200.0,peugeot,peugeot,l,idi,0,0,1,0,0,0,0,0,0,1,0,0,0,1,0,1,0,0,0,0,0,1,0,0,0,1,0,0,4,4,nan,0,0,0,peugeot,nan,nan,nan,0,0,0,0,0,0,0,0,0,0,0,0,0,0,0,0,e
110,0,gas,std,four,wagon,rwd,front,114.2,198.9,68.4,58.7,3230,l,four,120,mpfi,3.46,3.19,8.4,97,5000,19,24,12440.0,peugeot,peugeot,l,mpfi,0,0,1,0,0,0,0,0,0,0,1,0,0,1,0,1,0,0,0,0,0,1,0,0,0,0,1,0,4,4,nan,0,0,0,peugeot,nan,nan,nan,0,0,0,0,0,0,0,0,0,0,0,0,0,0,0,0,e
111,0,diesel,turbo,four,wagon,rwd,front,114.2,198.9,68.4,58.7,3430,l,four,152,idi,3.7,3.52,21.0,95,4150,25,25,13860.0,peugeot,peugeot,l,idi,0,0,1,0,0,0,0,0,0,0,1,0,0,1,0,1,0,0,0,0,0,1,0,0,0,1,0,0,4,4,nan,0,0,0,peugeot,nan,nan,nan,0,0,0,0,0,0,0,0,0,0,0,0,0,0,0,0,e
112,0,gas,std,four,sedan,rwd,front,107.9,186.7,68.4,56.7,3075,l,four,120,mpfi,3.46,2.19,8.4,95,5000,19,24,15580.0,peugeot,peugeot,l,mpfi,0,0,1,0,0,0,0,0,0,1,0,0,0,1,0,1,0,0,0,0,0,1,0,0,0,0,1,0,4,4,nan,0,0,0,peugeot,nan,nan,nan,0,0,0,0,0,0,0,0,0,0,0,0,0,0,0,0,e
113,0,diesel,turbo,four,sedan,rwd,front,107.9,186.7,68.4,56.7,3252,l,four,152,idi,3.7,3.52,21.0,95,4150,28,33,16900.0,peugeot,peugeot,l,idi,0,0,1,0,0,0,0,0,0,1,0,0,0,1,0,1,0,0,0,0,0,1,0,0,0,1,0,0,4,4,nan,0,0,0,peugeot,nan,nan,nan,0,0,0,0,0,0,0,0,0,0,0,0,0,0,0,0,e
114,0,gas,std,four,wagon,rwd,front,114.2,198.9,68.4,56.7,3285,l,four,120,mpfi,3.46,2.19,8.4,95,5000,19,24,16695.0,peugeot,peugeot,l,mpfi,0,0,1,0,0,0,0,0,0,0,1,0,0,1,0,1,0,0,0,0,0,1,0,0,0,0,1,0,4,4,nan,0,0,0,peugeot,nan,nan,nan,0,0,0,0,0,0,0,0,0,0,0,0,0,0,0,0,e
115,0,diesel,turbo,four,wagon,rwd,front,114.2,198.9,68.4,58.7,3485,l,four,152,idi,3.7,3.52,21.0,95,4150,25,25,17075.0,peugeot,peugeot,l,idi,0,0,1,0,0,0,0,0,0,0,1,0,0,1,0,1,0,0,0,0,0,1,0,0,0,1,0,0,4,4,nan,0,0,0,peugeot,nan,nan,nan,0,0,0,0,0,0,0,0,0,0,0,0,0,0,0,0,e
116,0,gas,std,four,sedan,rwd,front,107.9,186.7,68.4,56.7,3075,l,four,120,mpfi,3.46,3.19,8.4,97,5000,19,24,16630.0,peugeot,peugeot,l,mpfi,0,0,1,0,0,0,0,0,0,1,0,0,0,1,0,1,0,0,0,0,0,1,0,0,0,0,1,0,4,4,nan,0,0,0,peugeot,nan,nan,nan,0,0,0,0,0,0,0,0,0,0,0,0,0,0,0,0,e
117,0,diesel,turbo,four,sedan,rwd,front,107.9,186.7,68.4,56.7,3252,l,four,152,idi,3.7,3.52,21.0,95,4150,28,33,17950.0,peugeot,peugeot,l,idi,0,0,1,0,0,0,0,0,0,1,0,0,0,1,0,1,0,0,0,0,0,1,0,0,0,1,0,0,4,4,nan,0,0,0,peugeot,nan,nan,nan,0,0,0,0,0,0,0,0,0,0,0,0,0,0,0,0,e
118,0,gas,turbo,four,sedan,rwd,front,108.0,186.7,68.3,56.0,3130,l,four,134,mpfi,3.61,3.21,7.0,142,5600,18,24,18150.0,peugeot,peugeot,l,mpfi,0,0,1,0,0,0,0,0,0,1,0,0,0,1,0,1,0,0,0,0,0,1,0,0,0,0,1,0,4,4,nan,0,0,0,peugeot,nan,nan,nan,0,0,0,0,0,0,0,0,0,0,0,0,0,0,0,0,e
119,1,gas,std,two,hatchback,fwd,front,93.7,157.3,63.8,50.8,1918,ohc,four,90,2bbl,2.97,3.23,9.4,68,5500,37,41,5572.0,plymouth,plymouth,ohc,bbl,0,0,0,1,0,0,0,0,1,0,0,0,1,0,0,0,1,0,0,0,0,1,0,0,1,0,0,0,2,4,fury,1,1,0,plymouth,fury,fury,fury,0,0,0,0,0,0,0,0,0,1,0,0,0,0,0,0,fury
120,1,gas,turbo,two,hatchback,fwd,front,93.7,157.3,63.8,50.8,2128,ohc,four,98,spdi,3.03,3.39,7.6,102,5500,24,30,7957.0,plymouth,plymouth,ohc,spdi,0,0,0,1,0,0,0,0,1,0,0,0,1,0,0,0,1,0,0,0,0,1,0,0,0,0,0,1,2,4,r,1,0,0,plymouth,e,e,r,0,0,0,0,0,0,0,0,0,0,0,0,0,0,1,0,r
121,1,gas,std,four,hatchback,fwd,front,93.7,157.3,63.8,50.6,1967,ohc,four,90,2bbl,2.97,3.23,9.4,68,5500,31,38,6229.0,plymouth,plymouth,ohc,bbl,0,0,0,1,0,0,0,0,1,0,0,0,1,0,0,0,1,0,0,0,0,1,0,0,1,0,0,0,4,4,fury,1,1,0,plymouth,fury,fury,fury,0,0,0,0,0,0,0,0,0,1,0,0,0,0,0,0,fury
122,1,gas,std,four,sedan,fwd,front,93.7,167.3,63.8,50.8,1989,ohc,four,90,2bbl,2.97,3.23,9.4,68,5500,31,38,6692.0,plymouth,plymouth,ohc,bbl,0,0,0,1,0,0,0,0,0,1,0,0,1,0,0,0,1,0,0,0,0,1,0,0,1,0,0,0,4,4,e,1,1,0,plymouth,e,e,e,0,0,0,0,0,0,0,0,1,0,0,0,0,0,0,0,e
123,1,gas,std,four,sedan,fwd,front,93.7,167.3,63.8,50.8,2191,ohc,four,98,2bbl,2.97,3.23,9.4,68,5500,31,38,7609.0,plymouth,plymouth,ohc,bbl,0,0,0,1,0,0,0,0,0,1,0,0,1,0,0,0,1,0,0,0,0,1,0,0,1,0,0,0,4,4,fury,1,1,0,plymouth,fury,fury,fury,0,0,0,0,0,0,0,0,0,1,0,0,0,0,0,0,fury
124,-1,gas,std,four,wagon,fwd,front,103.3,174.6,64.6,59.8,2535,ohc,four,122,2bbl,3.35,3.46,8.5,88,5000,24,30,8921.0,plymouth,plymouth,ohc,bbl,0,1,0,0,0,0,0,0,0,0,1,0,1,0,0,0,1,0,0,0,0,1,0,0,1,0,0,0,4,4,nan,1,1,0,plymouth,nan,nan,nan,0,0,0,0,0,0,0,0,0,0,0,0,0,0,0,0,e
125,3,gas,turbo,two,hatchback,rwd,front,95.9,173.2,66.3,50.2,2818,ohc,four,156,spdi,3.59,3.86,7.0,145,5000,19,24,12764.0,plymouth,plymouth,ohc,spdi,0,0,0,0,0,1,0,0,1,0,0,0,0,1,0,0,1,0,0,0,0,1,0,0,0,0,0,1,2,4,e,1,0,0,plymouth,e,e,d,0,0,0,0,0,0,0,0,1,0,0,0,0,0,0,0,e
126,3,gas,std,two,hatchback,rwd,front,94.5,168.9,68.3,50.2,2778,ohc,four,151,mpfi,3.94,3.11,9.5,143,5500,19,27,22018.0,porsche,porsche,ohc,mpfi,0,0,0,0,0,1,0,0,1,0,0,0,0,1,0,0,1,0,0,0,0,1,0,0,0,0,1,0,2,4,nan,1,0,0,porsche,nan,nan,nan,0,0,0,0,0,0,0,0,0,0,0,0,0,0,0,0,e
127,3,gas,std,two,hardtop,rwd,rear,89.5,168.9,65.0,51.6,2756,ohcf,six,194,mpfi,3.74,2.9,9.5,207,5900,17,25,32528.0,porcshce,nan,ohc,mpfi,0,0,0,0,0,1,0,1,0,0,0,0,0,1,0,0,0,1,0,0,0,0,1,0,0,0,1,0,2,6,e,1,0,0,toyota,e,e,e,0,0,0,0,0,0,0,0,1,0,0,0,0,0,0,0,e
128,3,gas,std,two,hardtop,rwd,rear,89.5,168.9,65.0,51.6,2756,ohcf,six,194,mpfi,3.74,2.9,9.5,207,5900,17,25,34028.0,porsche,porsche,ohc,mpfi,0,0,0,0,0,1,0,1,0,0,0,0,0,1,0,0,0,1,0,0,0,0,1,0,0,0,1,0,2,6,e,1,0,0,porsche,e,e,e,0,0,0,0,0,0,0,0,1,0,0,0,0,0,0,0,e
129,3,gas,std,two,convertible,rwd,rear,89.5,168.9,65.0,51.6,2800,ohcf,six,194,mpfi,3.74,2.9,9.5,207,5900,17,25,37028.0,porsche,porsche,ohc,mpfi,0,0,0,0,0,1,1,0,0,0,0,0,0,1,0,0,0,1,0,0,0,0,1,0,0,0,1,0,2,6,x,1,0,0,porsche,x,x,x,0,0,0,0,0,0,0,0,0,0,0,0,0,0,0,1,x
130,1,gas,std,two,hatchback,rwd,front,98.4,175.7,72.3,50.5,3366,dohcv,eight,203,mpfi,3.94,3.11,10.0,288,5750,17,28,31400.5,porsche,porsche,dohc,mpfi,0,0,0,1,0,0,0,0,1,0,0,0,0,1,0,0,0,0,0,0,0,0,0,0,0,0,1,0,2,8,e,0,0,1,porsche,e,e,e,0,0,0,0,0,0,0,0,1,0,0,0,0,0,0,0,e
131,0,gas,std,four,wagon,fwd,front,96.1,181.5,66.5,55.2,2579,ohc,four,132,mpfi,3.46,3.9,8.7,90,5100,23,31,9295.0,renault,nan,ohc,mpfi,0,0,1,0,0,0,0,0,0,0,1,0,1,0,0,0,1,0,0,0,0,1,0,0,0,0,1,0,4,4,nan,1,0,0,toyota,nan,nan,nan,0,0,0,0,0,0,0,0,0,0,0,0,0,0,0,0,e
132,2,gas,std,two,hatchback,fwd,front,96.1,176.8,66.6,50.5,2460,ohc,four,132,mpfi,3.46,3.9,8.7,90,5100,23,31,9895.0,renault,nan,ohc,mpfi,0,0,0,0,1,0,0,0,1,0,0,0,1,0,0,0,1,0,0,0,0,1,0,0,0,0,1,0,2,4,nan,1,0,0,toyota,nan,nan,nan,0,0,0,0,0,0,0,0,0,0,0,0,0,0,0,0,e
133,3,gas,std,two,hatchback,fwd,front,99.1,186.6,66.5,56.1,2658,ohc,four,121,mpfi,3.54,3.07,9.31,110,5250,21,28,11850.0,saab,saab,ohc,mpfi,0,0,0,0,0,1,0,0,1,0,0,0,1,0,0,0,1,0,0,0,0,1,0,0,0,0,1,0,2,4,e,1,0,0,saab,e,e,e,0,0,0,0,0,0,0,0,1,0,0,0,0,0,0,0,e
134,2,gas,std,four,sedan,fwd,front,99.1,186.6,66.5,56.1,2695,ohc,four,121,mpfi,3.54,3.07,9.3,110,5250,21,28,12170.0,saab,saab,ohc,mpfi,0,0,0,0,1,0,0,0,0,1,0,0,1,0,0,0,1,0,0,0,0,1,0,0,0,0,1,0,4,4,e,1,0,0,saab,e,e,e,0,0,0,0,0,0,0,0,1,0,0,0,0,0,0,0,e
135,3,gas,std,two,hatchback,fwd,front,99.1,186.6,66.5,56.1,2707,ohc,four,121,mpfi,2.54,2.07,9.3,110,5250,21,28,15040.0,saab,saab,ohc,mpfi,0,0,0,0,0,1,0,0,1,0,0,0,1,0,0,0,1,0,0,0,0,1,0,0,0,0,1,0,2,4,e,1,0,0,saab,e,e,e,0,0,0,0,0,0,0,0,1,0,0,0,0,0,0,0,e
136,2,gas,std,four,sedan,fwd,front,99.1,186.6,66.5,56.1,2758,ohc,four,121,mpfi,3.54,3.07,9.3,110,5250,21,28,15510.0,saab,saab,ohc,mpfi,0,0,0,0,1,0,0,0,0,1,0,0,1,0,0,0,1,0,0,0,0,1,0,0,0,0,1,0,4,4,g,1,0,0,saab,g,g,g,0,0,0,0,0,0,0,0,0,0,1,0,0,0,0,0,g
137,3,gas,turbo,two,hatchback,fwd,front,99.1,186.6,66.5,56.1,2808,dohc,four,121,mpfi,3.54,3.07,9.0,160,5500,19,26,18150.0,saab,saab,dohc,mpfi,0,0,0,0,0,1,0,0,1,0,0,0,1,0,1,0,0,0,0,0,0,1,0,0,0,0,1,0,2,4,g,0,0,0,saab,g,g,g,0,0,0,0,0,0,0,0,0,0,1,0,0,0,0,0,g
138,2,gas,turbo,four,sedan,fwd,front,99.1,186.6,66.5,56.1,2847,dohc,four,121,mpfi,3.54,3.07,9.0,160,5500,19,26,18620.0,saab,saab,dohc,mpfi,0,0,0,0,1,0,0,0,0,1,0,0,1,0,1,0,0,0,0,0,0,1,0,0,0,0,1,0,4,4,e,0,0,0,saab,e,e,e,0,0,0,0,0,0,0,0,1,0,0,0,0,0,0,0,e
139,2,gas,std,two,hatchback,fwd,front,93.7,156.9,63.4,53.7,2050,ohcf,four,97,2bbl,3.62,2.36,9.0,69,4900,31,36,5118.0,subaru,subaru,ohc,bbl,0,0,0,0,1,0,0,0,1,0,0,0,1,0,0,0,0,1,0,0,0,1,0,0,1,0,0,0,2,4,nan,1,1,0,subaru,nan,nan,nan,0,0,0,0,0,0,0,0,0,0,0,0,0,0,0,0,e
140,2,gas,std,two,hatchback,fwd,front,93.7,157.9,63.6,53.7,2120,ohcf,four,108,2bbl,3.62,2.64,8.7,73,4400,26,31,7053.0,subaru,subaru,ohc,bbl,0,0,0,0,1,0,0,0,1,0,0,0,1,0,0,0,0,1,0,0,0,1,0,0,1,0,0,0,2,4,dl,1,1,0,subaru,dl,dl,dl,0,0,0,0,0,0,0,1,0,0,0,0,0,0,0,0,dl
141,2,gas,std,two,hatchback,4wd,front,93.3,157.3,63.8,55.7,2240,ohcf,four,108,2bbl,3.62,2.64,8.7,73,4400,26,31,7603.0,subaru,subaru,ohc,bbl,0,0,0,0,1,0,0,0,1,0,0,1,0,0,0,0,0,1,0,0,0,1,0,0,1,0,0,0,2,4,dl,1,1,0,subaru,dl,dl,dl,0,0,0,0,0,0,0,1,0,0,0,0,0,0,0,0,dl
142,0,gas,std,four,sedan,fwd,front,97.2,172.0,65.4,52.5,2145,ohcf,four,108,2bbl,3.62,2.64,9.5,82,4800,32,37,7126.0,subaru,subaru,ohc,bbl,0,0,1,0,0,0,0,0,0,1,0,0,1,0,0,0,0,1,0,0,0,1,0,0,1,0,0,0,4,4,nan,1,1,0,subaru,nan,nan,nan,0,0,0,0,0,0,0,0,0,0,0,0,0,0,0,0,e
143,0,gas,std,four,sedan,fwd,front,97.2,172.0,65.4,52.5,2190,ohcf,four,108,2bbl,3.62,2.64,9.5,82,4400,28,33,7775.0,subaru,subaru,ohc,bbl,0,0,1,0,0,0,0,0,0,1,0,0,1,0,0,0,0,1,0,0,0,1,0,0,1,0,0,0,4,4,r,1,1,0,subaru,nan,nan,r,0,0,0,0,0,0,0,0,0,0,0,0,0,0,1,0,r
144,0,gas,std,four,sedan,fwd,front,97.2,172.0,65.4,52.5,2340,ohcf,four,108,mpfi,3.62,2.64,9.0,94,5200,26,32,9960.0,subaru,subaru,ohc,mpfi,0,0,1,0,0,0,0,0,0,1,0,0,1,0,0,0,0,1,0,0,0,1,0,0,0,0,1,0,4,4,nan,1,0,0,subaru,nan,nan,nan,0,0,0,0,0,0,0,0,0,0,0,0,0,0,0,0,e
145,0,gas,std,four,sedan,4wd,front,97.0,172.0,65.4,54.3,2385,ohcf,four,108,2bbl,3.62,2.64,9.0,82,4800,24,25,9233.0,subaru,subaru,ohc,bbl,0,0,1,0,0,0,0,0,0,1,0,1,0,0,0,0,0,1,0,0,0,1,0,0,1,0,0,0,4,4,r,1,1,0,subaru,nan,nan,r,0,0,0,0,0,0,0,0,0,0,0,0,0,0,1,0,r
146,0,gas,turbo,four,sedan,4wd,front,97.0,172.0,65.4,54.3,2510,ohcf,four,108,mpfi,3.62,2.64,7.7,111,4800,24,29,11259.0,subaru,subaru,ohc,mpfi,0,0,1,0,0,0,0,0,0,1,0,1,0,0,0,0,0,1,0,0,0,1,0,0,0,0,1,0,4,4,r,1,0,0,subaru,nan,nan,r,0,0,0,0,0,0,0,0,0,0,0,0,0,0,1,0,r
147,0,gas,std,four,wagon,fwd,front,97.0,173.5,65.4,53.0,2290,ohcf,four,108,2bbl,3.62,2.64,9.0,82,4800,28,32,7463.0,subaru,subaru,ohc,bbl,0,0,1,0,0,0,0,0,0,0,1,0,1,0,0,0,0,1,0,0,0,1,0,0,1,0,0,0,4,4,r,1,1,0,subaru,e,e,r,0,0,0,0,0,0,0,0,0,0,0,0,0,0,1,0,r
148,0,gas,std,four,wagon,fwd,front,97.0,173.5,65.4,53.0,2455,ohcf,four,108,mpfi,3.62,2.64,9.0,94,5200,25,31,10198.0,subaru,subaru,ohc,mpfi,0,0,1,0,0,0,0,0,0,0,1,0,1,0,0,0,0,1,0,0,0,1,0,0,0,0,1,0,4,4,r,1,0,0,subaru,e,e,r,0,0,0,0,0,0,0,0,0,0,0,0,0,0,1,0,r
149,0,gas,std,four,wagon,4wd,front,96.9,173.6,65.4,54.9,2420,ohcf,four,108,2bbl,3.62,2.64,9.0,82,4800,23,29,8013.0,subaru,subaru,ohc,bbl,0,0,1,0,0,0,0,0,0,0,1,1,0,0,0,0,0,1,0,0,0,1,0,0,1,0,0,0,4,4,dl,1,1,0,subaru,dl,dl,dl,0,0,0,0,0,0,0,1,0,0,0,0,0,0,0,0,dl
150,0,gas,turbo,four,wagon,4wd,front,96.9,173.6,65.4,54.9,2650,ohcf,four,108,mpfi,3.62,2.64,7.7,111,4800,23,23,11694.0,subaru,subaru,ohc,mpfi,0,0,1,0,0,0,0,0,0,0,1,1,0,0,0,0,0,1,0,0,0,1,0,0,0,0,1,0,4,4,dl,1,0,0,subaru,dl,dl,dl,0,0,0,0,0,0,0,1,0,0,0,0,0,0,0,0,dl
151,1,gas,std,two,hatchback,fwd,front,95.7,158.7,63.6,54.5,1985,ohc,four,92,2bbl,3.05,3.03,9.0,62,4800,35,39,5348.0,toyota,toyota,ohc,bbl,0,0,0,1,0,0,0,0,1,0,0,0,1,0,0,0,1,0,0,0,0,1,0,0,1,0,0,0,2,4,corona,1,1,0,toyota,corona,corona,corona,0,0,0,0,0,1,0,0,0,0,0,0,0,0,0,0,corona
152,1,gas,std,two,hatchback,fwd,front,95.7,158.7,63.6,54.5,2040,ohc,four,92,2bbl,3.05,3.03,9.0,62,4800,31,38,6338.0,toyota,toyota,ohc,bbl,0,0,0,1,0,0,0,0,1,0,0,0,1,0,0,0,1,0,0,0,0,1,0,0,1,0,0,0,2,4,corona,1,1,0,toyota,corona,corona,corona,0,0,0,0,0,1,0,0,0,0,0,0,0,0,0,0,corona
153,1,gas,std,four,hatchback,fwd,front,95.7,158.7,63.6,54.5,2015,ohc,four,92,2bbl,3.05,3.03,9.0,62,4800,31,38,6488.0,toyota,toyota,ohc,bbl,0,0,0,1,0,0,0,0,1,0,0,0,1,0,0,0,1,0,0,0,0,1,0,0,1,0,0,0,4,4,corolla,1,1,0,toyota,corolla,corolla,corolla,0,0,0,0,1,0,0,0,0,0,0,0,0,0,0,0,corolla
154,0,gas,std,four,wagon,fwd,front,95.7,169.7,63.6,59.1,2280,ohc,four,92,2bbl,3.05,3.03,9.0,62,4800,31,37,6918.0,toyota,toyota,ohc,bbl,0,0,1,0,0,0,0,0,0,0,1,0,1,0,0,0,1,0,0,0,0,1,0,0,1,0,0,0,4,4,corona,1,1,0,toyota,corona,corona,corona,0,0,0,0,0,1,0,0,0,0,0,0,0,0,0,0,corona
155,0,gas,std,four,wagon,4wd,front,95.7,169.7,63.6,59.1,2290,ohc,four,92,2bbl,3.05,3.03,9.0,62,4800,27,32,7898.0,toyota,toyota,ohc,bbl,0,0,1,0,0,0,0,0,0,0,1,1,0,0,0,0,1,0,0,0,0,1,0,0,1,0,0,0,4,4,corolla,1,1,0,toyota,corolla,corolla,corolla,0,0,0,0,1,0,0,0,0,0,0,0,0,0,0,0,corolla
156,0,gas,std,four,wagon,4wd,front,95.7,169.7,63.6,59.1,3110,ohc,four,92,2bbl,3.05,3.03,9.0,62,4800,27,32,8778.0,toyota,toyota,ohc,bbl,0,0,1,0,0,0,0,0,0,0,1,1,0,0,0,0,1,0,0,0,0,1,0,0,1,0,0,0,4,4,r,1,1,0,toyota,nan,nan,r,0,0,0,0,0,0,0,0,0,0,0,0,0,0,1,0,r
157,0,gas,std,four,sedan,fwd,front,95.7,166.3,64.4,53.0,2081,ohc,four,98,2bbl,3.19,3.03,9.0,70,4800,30,37,6938.0,toyota,toyota,ohc,bbl,0,0,1,0,0,0,0,0,0,1,0,0,1,0,0,0,1,0,0,0,0,1,0,0,1,0,0,0,4,4,mark,1,1,0,toyota,mark,mark,mark,0,0,0,0,0,0,0,0,0,0,0,1,0,0,0,0,mark
158,0,gas,std,four,hatchback,fwd,front,95.7,166.3,64.4,52.8,2109,ohc,four,98,2bbl,3.19,3.03,9.0,70,4800,30,37,7198.0,toyota,toyota,ohc,bbl,0,0,1,0,0,0,0,0,1,0,0,0,1,0,0,0,1,0,0,0,0,1,0,0,1,0,0,0,4,4,corolla,1,1,0,toyota,corolla,corolla,corolla,0,0,0,0,1,0,0,0,0,0,0,0,0,0,0,0,corolla
159,0,diesel,std,four,sedan,fwd,front,95.7,166.3,64.4,53.0,2275,ohc,four,110,idi,3.27,3.35,22.5,56,4500,34,36,7898.0,toyota,toyota,ohc,idi,0,0,1,0,0,0,0,0,0,1,0,0,1,0,0,0,1,0,0,0,0,1,0,0,0,1,0,0,4,4,corona,1,0,0,toyota,corona,corona,corona,0,0,0,0,0,1,0,0,0,0,0,0,0,0,0,0,corona
160,0,diesel,std,four,hatchback,fwd,front,95.7,166.3,64.4,52.8,2275,ohc,four,110,idi,3.27,3.35,22.5,56,4500,38,47,7788.0,toyota,toyota,ohc,idi,0,0,1,0,0,0,0,0,1,0,0,0,1,0,0,0,1,0,0,0,0,1,0,0,0,1,0,0,4,4,corolla,1,0,0,toyota,corolla,corolla,corolla,0,0,0,0,1,0,0,0,0,0,0,0,0,0,0,0,corolla
161,0,gas,std,four,sedan,fwd,front,95.7,166.3,64.4,53.0,2094,ohc,four,98,2bbl,3.19,3.03,9.0,70,4800,38,47,7738.0,toyota,toyota,ohc,bbl,0,0,1,0,0,0,0,0,0,1,0,0,1,0,0,0,1,0,0,0,0,1,0,0,1,0,0,0,4,4,corona,1,1,0,toyota,corona,corona,corona,0,0,0,0,0,1,0,0,0,0,0,0,0,0,0,0,corona
162,0,gas,std,four,hatchback,fwd,front,95.7,166.3,64.4,52.8,2122,ohc,four,98,2bbl,3.19,3.03,9.0,70,4800,28,34,8358.0,toyota,toyota,ohc,bbl,0,0,1,0,0,0,0,0,1,0,0,0,1,0,0,0,1,0,0,0,0,1,0,0,1,0,0,0,4,4,corolla,1,1,0,toyota,corolla,corolla,corolla,0,0,0,0,1,0,0,0,0,0,0,0,0,0,0,0,corolla
163,0,gas,std,four,sedan,fwd,front,95.7,166.3,64.4,52.8,2140,ohc,four,98,2bbl,3.19,3.03,9.0,70,4800,28,34,9258.0,toyota,toyota,ohc,bbl,0,0,1,0,0,0,0,0,0,1,0,0,1,0,0,0,1,0,0,0,0,1,0,0,1,0,0,0,4,4,mark,1,1,0,toyota,mark,mark,mark,0,0,0,0,0,0,0,0,0,0,0,1,0,0,0,0,mark
164,1,gas,std,two,sedan,rwd,front,94.5,168.7,64.0,52.6,2169,ohc,four,98,2bbl,3.19,3.03,9.0,70,4800,29,34,8058.0,toyota,toyota,ohc,bbl,0,0,0,1,0,0,0,0,0,1,0,0,0,1,0,0,1,0,0,0,0,1,0,0,1,0,0,0,2,4,corolla,1,1,0,toyota,corolla,corolla,corolla,0,0,0,0,1,0,0,0,0,0,0,0,0,0,0,0,corolla
165,1,gas,std,two,hatchback,rwd,front,94.5,168.7,64.0,52.6,2204,ohc,four,98,2bbl,3.19,3.03,9.0,70,4800,29,34,8238.0,toyota,toyota,ohc,bbl,0,0,0,1,0,0,0,0,1,0,0,0,0,1,0,0,1,0,0,0,0,1,0,0,1,0,0,0,2,4,corona,1,1,0,toyota,corona,corona,corona,0,0,0,0,0,1,0,0,0,0,0,0,0,0,0,0,corona
166,1,gas,std,two,sedan,rwd,front,94.5,168.7,64.0,52.6,2265,dohc,four,98,mpfi,3.24,3.08,9.4,112,6600,26,29,9298.0,toyota,toyota,dohc,mpfi,0,0,0,1,0,0,0,0,0,1,0,0,0,1,1,0,0,0,0,0,0,1,0,0,0,0,1,0,2,4,e,0,0,0,toyota,e,e,e,0,0,0,0,0,0,0,0,1,0,0,0,0,0,0,0,e
167,1,gas,std,two,hatchback,rwd,front,94.5,168.7,64.0,52.6,2300,dohc,four,98,mpfi,3.24,3.08,9.4,112,6600,26,29,9538.0,toyota,toyota,dohc,mpfi,0,0,0,1,0,0,0,0,1,0,0,0,0,1,1,0,0,0,0,0,0,1,0,0,0,0,1,0,2,4,corolla,0,0,0,toyota,corolla,corolla,corolla,0,0,0,0,1,0,0,0,0,0,0,0,0,0,0,0,corolla
168,2,gas,std,two,hardtop,rwd,front,98.4,176.2,65.6,52.0,2540,ohc,four,146,mpfi,3.62,3.5,9.3,116,4800,24,30,8449.0,toyota,toyota,ohc,mpfi,0,0,0,0,1,0,0,1,0,0,0,0,0,1,0,0,1,0,0,0,0,1,0,0,0,0,1,0,2,4,corona,1,0,0,toyota,corona,corona,corona,0,0,0,0,0,1,0,0,0,0,0,0,0,0,0,0,corona
169,2,gas,std,two,hardtop,rwd,front,98.4,176.2,65.6,52.0,2536,ohc,four,146,mpfi,3.62,3.5,9.3,116,4800,24,30,9639.0,toyota,toyota,ohc,mpfi,0,0,0,0,1,0,0,1,0,0,0,0,0,1,0,0,1,0,0,0,0,1,0,0,0,0,1,0,2,4,corolla,1,0,0,toyota,corolla,corolla,corolla,0,0,0,0,1,0,0,0,0,0,0,0,0,0,0,0,corolla
170,2,gas,std,two,hatchback,rwd,front,98.4,176.2,65.6,52.0,2551,ohc,four,146,mpfi,3.62,3.5,9.3,116,4800,24,30,9989.0,toyota,toyota,ohc,mpfi,0,0,0,0,1,0,0,0,1,0,0,0,0,1,0,0,1,0,0,0,0,1,0,0,0,0,1,0,2,4,r,1,0,0,toyota,e,e,r,0,0,0,0,0,0,0,0,0,0,0,0,0,0,1,0,r
171,2,gas,std,two,hardtop,rwd,front,98.4,176.2,65.6,52.0,2679,ohc,four,146,mpfi,3.62,3.5,9.3,116,4800,24,30,11199.0,toyota,toyota,ohc,mpfi,0,0,0,0,1,0,0,1,0,0,0,0,0,1,0,0,1,0,0,0,0,1,0,0,0,0,1,0,2,4,e,1,0,0,toyota,e,e,e,0,0,0,0,0,0,0,0,1,0,0,0,0,0,0,0,e
172,2,gas,std,two,hatchback,rwd,front,98.4,176.2,65.6,52.0,2714,ohc,four,146,mpfi,3.62,3.5,9.3,116,4800,24,30,11549.0,toyota,toyota,ohc,mpfi,0,0,0,0,1,0,0,0,1,0,0,0,0,1,0,0,1,0,0,0,0,1,0,0,0,0,1,0,2,4,corolla,1,0,0,toyota,corolla,corolla,corolla,0,0,0,0,1,0,0,0,0,0,0,0,0,0,0,0,corolla
173,2,gas,std,two,convertible,rwd,front,98.4,176.2,65.6,53.0,2975,ohc,four,146,mpfi,3.62,3.5,9.3,116,4800,24,30,17669.0,toyota,toyota,ohc,mpfi,0,0,0,0,1,0,1,0,0,0,0,0,0,1,0,0,1,0,0,0,0,1,0,0,0,0,1,0,2,4,r,1,0,0,toyota,e,e,r,0,0,0,0,0,0,0,0,0,0,0,0,0,0,1,0,r
174,-1,gas,std,four,sedan,fwd,front,102.4,175.6,66.5,54.9,2326,ohc,four,122,mpfi,3.31,3.54,8.7,92,4200,29,34,8948.0,toyota,toyota,ohc,mpfi,0,1,0,0,0,0,0,0,0,1,0,0,1,0,0,0,1,0,0,0,0,1,0,0,0,0,1,0,4,4,corolla,1,0,0,toyota,corolla,corolla,corolla,0,0,0,0,1,0,0,0,0,0,0,0,0,0,0,0,corolla
175,-1,diesel,turbo,four,sedan,fwd,front,102.4,175.6,66.5,54.9,2480,ohc,four,110,idi,3.27,3.35,22.5,73,4500,30,33,10698.0,toyota,toyota,ohc,idi,0,1,0,0,0,0,0,0,0,1,0,0,1,0,0,0,1,0,0,0,0,1,0,0,0,1,0,0,4,4,e,1,0,0,toyota,e,e,e,0,0,0,0,0,0,0,0,1,0,0,0,0,0,0,0,e
176,-1,gas,std,four,hatchback,fwd,front,102.4,175.6,66.5,53.9,2414,ohc,four,122,mpfi,3.31,3.54,8.7,92,4200,27,32,9988.0,toyota,toyota,ohc,mpfi,0,1,0,0,0,0,0,0,1,0,0,0,1,0,0,0,1,0,0,0,0,1,0,0,0,0,1,0,4,4,corona,1,0,0,toyota,corona,corona,corona,0,0,0,0,0,1,0,0,0,0,0,0,0,0,0,0,corona
177,-1,gas,std,four,sedan,fwd,front,102.4,175.6,66.5,54.9,2414,ohc,four,122,mpfi,3.31,3.54,8.7,92,4200,27,32,10898.0,toyota,toyota,ohc,mpfi,0,1,0,0,0,0,0,0,0,1,0,0,1,0,0,0,1,0,0,0,0,1,0,0,0,0,1,0,4,4,corolla,1,0,0,toyota,corolla,corolla,corolla,0,0,0,0,1,0,0,0,0,0,0,0,0,0,0,0,corolla
178,-1,gas,std,four,hatchback,fwd,front,102.4,175.6,66.5,53.9,2458,ohc,four,122,mpfi,3.31,3.54,8.7,92,4200,27,32,11248.0,toyota,toyota,ohc,mpfi,0,1,0,0,0,0,0,0,1,0,0,0,1,0,0,0,1,0,0,0,0,1,0,0,0,0,1,0,4,4,mark,1,0,0,toyota,mark,mark,mark,0,0,0,0,0,0,0,0,0,0,0,1,0,0,0,0,mark
179,3,gas,std,two,hatchback,rwd,front,102.9,183.5,67.7,52.0,2976,dohc,six,171,mpfi,3.27,3.35,9.3,161,5200,20,24,16558.0,toyota,toyota,dohc,mpfi,0,0,0,0,0,1,0,0,1,0,0,0,0,1,1,0,0,0,0,0,0,0,1,0,0,0,1,0,2,6,corolla,0,0,0,toyota,corolla,corolla,corolla,0,0,0,0,1,0,0,0,0,0,0,0,0,0,0,0,corolla
180,3,gas,std,two,hatchback,rwd,front,102.9,183.5,67.7,52.0,3016,dohc,six,171,mpfi,3.27,3.35,9.3,161,5200,19,24,15998.0,toyota,toyota,dohc,mpfi,0,0,0,0,0,1,0,0,1,0,0,0,0,1,1,0,0,0,0,0,0,0,1,0,0,0,1,0,2,6,corona,0,0,0,toyota,corona,corona,corona,0,0,0,0,0,1,0,0,0,0,0,0,0,0,0,0,corona
181,-1,gas,std,four,sedan,rwd,front,104.5,187.8,66.5,54.1,3131,dohc,six,171,mpfi,3.27,3.35,9.2,156,5200,20,24,15690.0,toyota,toyota,dohc,mpfi,0,1,0,0,0,0,0,0,0,1,0,0,0,1,1,0,0,0,0,0,0,0,1,0,0,0,1,0,4,6,r,0,0,0,toyota,e,e,r,0,0,0,0,0,0,0,0,0,0,0,0,0,0,1,0,r
182,-1,gas,std,four,wagon,rwd,front,104.5,187.8,66.5,54.1,3151,dohc,six,161,mpfi,3.27,3.35,9.2,156,5200,19,24,15750.0,toyouta,nan,dohc,mpfi,0,1,0,0,0,0,0,0,0,0,1,0,0,1,1,0,0,0,0,0,0,0,1,0,0,0,1,0,4,6,e,0,0,0,toyota,e,e,e,0,0,0,0,0,0,0,0,1,0,0,0,0,0,0,0,e
183,2,diesel,std,two,sedan,fwd,front,97.3,171.7,65.5,55.7,2261,ohc,four,97,idi,3.01,3.4,23.0,52,4800,37,46,7775.0,vokswagen,nan,ohc,idi,0,0,0,0,1,0,0,0,0,1,0,0,1,0,0,0,1,0,0,0,0,1,0,0,0,1,0,0,2,4,r,1,0,0,toyota,rabbit,rabbit,r,0,0,0,0,0,0,0,0,0,0,0,0,0,0,1,0,r
184,2,gas,std,two,sedan,fwd,front,97.3,171.7,65.5,55.7,2209,ohc,four,109,mpfi,3.19,3.4,9.0,85,5250,27,34,7975.0,volkswagen,volkswagen,ohc,mpfi,0,0,0,0,1,0,0,0,0,1,0,0,1,0,0,0,1,0,0,0,0,1,0,0,0,0,1,0,2,4,nan,1,0,0,volkswagen,nan,nan,nan,0,0,0,0,0,0,0,0,0,0,0,0,0,0,0,0,e
185,2,diesel,std,four,sedan,fwd,front,97.3,171.7,65.5,55.7,2264,ohc,four,97,idi,3.01,3.4,23.0,52,4800,37,46,7995.0,volkswagen,volkswagen,ohc,idi,0,0,0,0,1,0,0,0,0,1,0,0,1,0,0,0,1,0,0,0,0,1,0,0,0,1,0,0,4,4,e,1,0,0,volkswagen,e,e,d,0,0,0,0,0,0,0,0,1,0,0,0,0,0,0,0,e
186,2,gas,std,four,sedan,fwd,front,97.3,171.7,65.5,55.7,2212,ohc,four,109,mpfi,3.19,3.4,9.0,85,5250,27,34,8195.0,volkswagen,volkswagen,ohc,mpfi,0,0,0,0,1,0,0,0,0,1,0,0,1,0,0,0,1,0,0,0,0,1,0,0,0,0,1,0,4,4,e,1,0,0,volkswagen,e,e,e,0,0,0,0,0,0,0,0,1,0,0,0,0,0,0,0,e
187,2,gas,std,four,sedan,fwd,front,97.3,171.7,65.5,55.7,2275,ohc,four,109,mpfi,3.19,3.4,9.0,85,5250,27,34,8495.0,volkswagen,volkswagen,ohc,mpfi,0,0,0,0,1,0,0,0,0,1,0,0,1,0,0,0,1,0,0,0,0,1,0,0,0,0,1,0,4,4,nan,1,0,0,volkswagen,nan,nan,nan,0,0,0,0,0,0,0,0,0,0,0,0,0,0,0,0,e
188,2,diesel,turbo,four,sedan,fwd,front,97.3,171.7,65.5,55.7,2319,ohc,four,97,idi,3.01,3.4,23.0,68,4500,37,42,9495.0,volkswagen,volkswagen,ohc,idi,0,0,0,0,1,0,0,0,0,1,0,0,1,0,0,0,1,0,0,0,0,1,0,0,0,1,0,0,4,4,e,1,0,0,volkswagen,e,e,e,0,0,0,0,0,0,0,0,1,0,0,0,0,0,0,0,e
189,2,gas,std,four,sedan,fwd,front,97.3,171.7,65.5,55.7,2300,ohc,four,109,mpfi,3.19,3.4,10.0,100,5500,26,32,9995.0,volkswagen,volkswagen,ohc,mpfi,0,0,0,0,1,0,0,0,0,1,0,0,1,0,0,0,1,0,0,0,0,1,0,0,0,0,1,0,4,4,dasher,1,0,0,volkswagen,dasher,dasher,d,0,0,0,0,0,0,1,0,0,0,0,0,0,0,0,0,dasher
190,3,gas,std,two,convertible,fwd,front,94.5,159.3,64.2,55.6,2254,ohc,four,109,mpfi,3.19,3.4,8.5,90,5500,24,29,11595.0,vw,nan,ohc,mpfi,0,0,0,0,0,1,1,0,0,0,0,0,1,0,0,0,1,0,0,0,0,1,0,0,0,0,1,0,2,4,dasher,1,0,0,toyota,dasher,dasher,d,0,0,0,0,0,0,1,0,0,0,0,0,0,0,0,0,dasher
191,3,gas,std,two,hatchback,fwd,front,94.5,165.7,64.0,51.4,2221,ohc,four,109,mpfi,3.19,3.4,8.5,90,5500,24,29,9980.0,vw,nan,ohc,mpfi,0,0,0,0,0,1,0,0,1,0,0,0,1,0,0,0,1,0,0,0,0,1,0,0,0,0,1,0,2,4,r,1,0,0,toyota,rabbit,rabbit,r,0,0,0,0,0,0,0,0,0,0,0,0,0,0,1,0,r
192,0,gas,std,four,sedan,fwd,front,100.4,180.2,66.9,55.1,2661,ohc,five,136,mpfi,3.19,3.4,8.5,110,5500,19,24,13295.0,volkswagen,volkswagen,ohc,mpfi,0,0,1,0,0,0,0,0,0,1,0,0,1,0,0,0,1,0,0,0,1,0,0,0,0,0,1,0,4,5,r,1,0,0,volkswagen,rabbit,rabbit,r,0,0,0,0,0,0,0,0,0,0,0,0,0,0,1,0,r
193,0,diesel,turbo,four,sedan,fwd,front,100.4,180.2,66.9,55.1,2579,ohc,four,97,idi,3.01,3.4,23.0,68,4500,33,38,13845.0,volkswagen,volkswagen,ohc,idi,0,0,1,0,0,0,0,0,0,1,0,0,1,0,0,0,1,0,0,0,0,1,0,0,0,1,0,0,4,4,r,1,0,0,volkswagen,rabbit,rabbit,r,0,0,0,0,0,0,0,0,0,0,0,0,0,0,1,0,r
194,0,gas,std,four,wagon,fwd,front,100.4,183.1,66.9,55.1,2563,ohc,four,109,mpfi,3.19,3.4,9.0,88,5500,25,31,12290.0,volkswagen,volkswagen,ohc,mpfi,0,0,1,0,0,0,0,0,0,0,1,0,1,0,0,0,1,0,0,0,0,1,0,0,0,0,1,0,4,4,dasher,1,0,0,volkswagen,dasher,dasher,d,0,0,0,0,0,0,1,0,0,0,0,0,0,0,0,0,dasher
195,-2,gas,std,four,sedan,rwd,front,104.3,188.8,67.2,56.2,2912,ohc,four,141,mpfi,3.78,3.15,9.5,114,5400,23,28,12940.0,volvo,volvo,ohc,mpfi,1,0,0,0,0,0,0,0,0,1,0,0,0,1,0,0,1,0,0,0,0,1,0,0,0,0,1,0,4,4,e,1,0,0,volvo,e,e,e,0,0,0,0,0,0,0,0,1,0,0,0,0,0,0,0,e
196,-1,gas,std,four,wagon,rwd,front,104.3,188.8,67.2,57.5,3034,ohc,four,141,mpfi,3.78,3.15,9.5,114,5400,23,28,13415.0,volvo,volvo,ohc,mpfi,0,1,0,0,0,0,0,0,0,0,1,0,0,1,0,0,1,0,0,0,0,1,0,0,0,0,1,0,4,4,e,1,0,0,volvo,e,e,e,0,0,0,0,0,0,0,0,1,0,0,0,0,0,0,0,e
197,-2,gas,std,four,sedan,rwd,front,104.3,188.8,67.2,56.2,2935,ohc,four,141,mpfi,3.78,3.15,9.5,114,5400,24,28,15985.0,volvo,volvo,ohc,mpfi,1,0,0,0,0,0,0,0,0,1,0,0,0,1,0,0,1,0,0,0,0,1,0,0,0,0,1,0,4,4,dl,1,0,0,volvo,dl,dl,dl,0,0,0,0,0,0,0,1,0,0,0,0,0,0,0,0,dl
198,-1,gas,std,four,wagon,rwd,front,104.3,188.8,67.2,57.5,3042,ohc,four,141,mpfi,3.78,3.15,9.5,114,5400,24,28,16515.0,volvo,volvo,ohc,mpfi,0,1,0,0,0,0,0,0,0,0,1,0,0,1,0,0,1,0,0,0,0,1,0,0,0,0,1,0,4,4,nan,1,0,0,volvo,nan,nan,nan,0,0,0,0,0,0,0,0,0,0,0,0,0,0,0,0,e
199,-2,gas,turbo,four,sedan,rwd,front,104.3,188.8,67.2,56.2,3045,ohc,four,130,mpfi,3.62,3.15,7.5,162,5100,17,22,18420.0,volvo,volvo,ohc,mpfi,1,0,0,0,0,0,0,0,0,1,0,0,0,1,0,0,1,0,0,0,0,1,0,0,0,0,1,0,4,4,g,1,0,0,volvo,g,g,g,0,0,0,0,0,0,0,0,0,0,1,0,0,0,0,0,g
200,-1,gas,turbo,four,wagon,rwd,front,104.3,188.8,67.2,57.5,3157,ohc,four,130,mpfi,3.62,3.15,7.5,162,5100,17,22,18950.0,volvo,volvo,ohc,mpfi,0,1,0,0,0,0,0,0,0,0,1,0,0,1,0,0,1,0,0,0,0,1,0,0,0,0,1,0,4,4,e,1,0,0,volvo,e,e,d,0,0,0,0,0,0,0,0,1,0,0,0,0,0,0,0,e
201,-1,gas,std,four,sedan,rwd,front,109.1,188.8,68.9,55.5,2952,ohc,four,141,mpfi,3.78,3.15,9.5,114,5400,23,28,16845.0,volvo,volvo,ohc,mpfi,0,1,0,0,0,0,0,0,0,1,0,0,0,1,0,0,1,0,0,0,0,1,0,0,0,0,1,0,4,4,e,1,0,0,volvo,e,e,e,0,0,0,0,0,0,0,0,1,0,0,0,0,0,0,0,e
202,-1,gas,turbo,four,sedan,rwd,front,109.1,188.8,68.8,55.5,3049,ohc,four,141,mpfi,3.78,3.15,8.7,160,5300,19,25,19045.0,volvo,volvo,ohc,mpfi,0,1,0,0,0,0,0,0,0,1,0,0,0,1,0,0,1,0,0,0,0,1,0,0,0,0,1,0,4,4,e,1,0,0,volvo,e,e,e,0,0,0,0,0,0,0,0,1,0,0,0,0,0,0,0,e
203,-1,gas,std,four,sedan,rwd,front,109.1,188.8,68.9,55.5,3012,ohcv,six,173,mpfi,3.58,2.87,8.8,134,5500,18,23,21485.0,volvo,volvo,ohc,mpfi,0,1,0,0,0,0,0,0,0,1,0,0,0,1,0,0,0,0,1,0,0,0,1,0,0,0,1,0,4,6,dl,1,0,0,volvo,dl,dl,dl,0,0,0,0,0,0,0,1,0,0,0,0,0,0,0,0,dl
204,-1,diesel,turbo,four,sedan,rwd,front,109.1,188.8,68.9,55.5,3217,ohc,six,145,idi,3.01,3.4,23.0,106,4800,26,27,22470.0,volvo,volvo,ohc,idi,0,1,0,0,0,0,0,0,0,1,0,0,0,1,0,0,1,0,0,0,0,0,1,0,0,1,0,0,4,6,nan,1,0,0,volvo,nan,nan,nan,0,0,0,0,0,0,0,0,0,0,0,0,0,0,0,0,e
205,-1,gas,turbo,four,sedan,rwd,front,109.1,188.8,68.9,55.5,3062,ohc,four,141,mpfi,3.78,3.15,9.5,114,5400,19,25,22625.0,volvo,volvo,ohc,mpfi,0,1,0,0,0,0,0,0,0,1,0,0,0,1,0,0,1,0,0,0,0,1,0,0,0,0,1,0,4,4,g,1,0,0,volvo,g,g,g,0,0,0,0,0,0,0,0,0,0,1,0,0,0,0,0,g
